date,daily_confirmed,total_confirmed,daily_deceased,total_deceased,daily_recovered,total_recovered,daily_tested,total_tested,daily_vaccinated1,total_vaccinated1,daily_vaccinated2,total_vaccinated2
1/30/2020,1,1,0,0,0,0,0,0,0,0,0,0
2/2/2020,1,2,0,0,0,0,0,0,0,0,0,0
2/3/2020,1,3,0,0,0,0,0,0,0,0,0,0
2/14/2020,0,3,0,0,3,3,0,0,0,0,0,0
3/2/2020,2,5,0,0,0,3,0,0,0,0,0,0
3/3/2020,1,6,0,0,0,3,0,0,0,0,0,0
3/4/2020,22,28,0,0,0,3,0,0,0,0,0,0
3/5/2020,2,30,0,0,0,3,0,0,0,0,0,0
3/6/2020,1,31,0,0,0,3,0,0,0,0,0,0
3/7/2020,3,34,0,0,0,3,0,0,0,0,0,0
3/8/2020,5,39,0,0,0,3,0,0,0,0,0,0
3/9/2020,9,48,0,0,0,3,0,0,0,0,0,0
3/10/2020,15,63,0,0,0,3,0,0,0,0,0,0
3/11/2020,8,71,0,0,0,3,0,0,0,0,0,0
3/12/2020,10,81,0,0,0,3,0,0,0,0,0,0
3/13/2020,10,91,1,1,0,3,0,0,0,0,0,0
3/14/2020,11,102,0,1,0,3,0,0,0,0,0,0
3/15/2020,10,112,0,1,0,3,0,0,0,0,0,0
3/16/2020,14,126,0,1,0,3,0,0,0,0,0,0
3/17/2020,20,146,0,1,0,3,0,0,0,0,0,0
3/18/2020,25,171,0,1,0,3,0,0,0,0,0,0
3/19/2020,27,198,0,1,0,3,0,0,0,0,0,0
3/20/2020,58,256,0,1,1,4,0,0,0,0,0,0
3/21/2020,78,334,0,1,0,4,0,0,0,0,0,0
3/22/2020,69,403,0,1,0,4,0,0,0,0,0,0
3/23/2020,94,497,0,1,0,4,0,0,0,0,0,0
3/24/2020,74,571,0,1,2,6,0,0,0,0,0,0
3/25/2020,86,657,0,1,0,6,0,0,0,0,0,0
3/26/2020,73,730,1,2,0,6,0,0,0,0,0,0
3/27/2020,153,883,1,3,2,8,0,0,0,0,0,0
3/28/2020,136,1019,0,3,0,8,0,0,0,0,0,0
3/29/2020,120,1139,25,28,91,99,0,0,0,0,0,0
3/30/2020,187,1326,13,41,42,141,0,0,0,0,0,0
3/31/2020,309,1635,6,47,19,160,0,0,0,0,0,0
4/1/2020,424,2059,11,58,9,169,11245,11245,0,0,0,0
4/2/2020,486,2545,11,69,22,191,6941,18186,0,0,0,0
4/3/2020,560,3105,14,83,39,230,11674,29860,0,0,0,0
4/4/2020,579,3684,13,96,56,286,988,30848,0,0,0,0
4/5/2020,609,4293,22,118,43,329,27589,58437,0,0,0,0
4/6/2020,484,4777,16,134,65,394,2427,60864,0,0,0,0
4/7/2020,573,5350,27,161,75,469,33877,94741,0,0,0,0
4/8/2020,565,5915,20,181,96,565,10540,105281,0,0,0,0
4/9/2020,813,6728,46,227,70,635,12584,117865,0,0,0,0
4/10/2020,871,7599,22,249,151,786,37915,155780,0,0,0,0
4/11/2020,854,8453,41,290,186,972,16229,172009,0,0,0,0
4/12/2020,758,9211,42,332,114,1086,20069,192078,0,0,0,0
4/13/2020,1243,10454,27,359,112,1198,21939,214017,0,0,0,0
4/14/2020,1031,11485,37,396,167,1365,21619,235636,0,0,0,0
4/15/2020,886,12371,27,423,144,1509,28386,264022,0,0,0,0
4/16/2020,1061,13432,26,449,258,1767,38777,302799,0,0,0,0
4/17/2020,922,14354,38,487,273,2040,32811,335610,0,0,0,0
4/18/2020,1371,15725,35,522,426,2466,31697,367307,0,0,0,0
4/19/2020,1580,17305,38,560,388,2854,59487,426794,0,0,0,0
4/20/2020,1239,18544,33,593,419,3273,38964,465758,0,0,0,0
4/21/2020,1537,20081,53,646,703,3976,41410,507168,0,0,0,0
4/22/2020,1292,21373,36,682,394,4370,47049,554217,0,0,0,0
4/23/2020,1667,23040,40,722,642,5012,47635,601852,0,0,0,0
4/24/2020,1408,24448,59,781,484,5496,58409,660261,0,0,0,0
4/25/2020,1835,26283,44,825,442,5938,50339,710600,0,0,0,0
4/26/2020,1607,27890,56,881,585,6523,48444,759044,0,0,0,0
4/27/2020,1568,29458,58,939,580,7103,53903,812947,0,0,0,0
4/28/2020,1902,31360,69,1008,636,7739,57853,870800,0,0,0,0
4/29/2020,1705,33065,71,1079,690,8429,64183,934983,0,0,0,0
4/30/2020,1802,34867,75,1154,630,9059,68269,1003252,0,0,0,0
5/1/2020,2396,37263,77,1231,962,10021,66528,1069780,0,0,0,0
5/2/2020,2564,39827,92,1323,831,10852,74802,1144582,0,0,0,0
5/3/2020,2952,42779,140,1463,911,11763,77044,1221626,0,0,0,0
5/4/2020,3656,46435,103,1566,1082,12845,76993,1298619,0,0,0,0
5/5/2020,2971,49406,128,1694,1295,14140,75991,1374610,0,0,0,0
5/6/2020,3602,53008,91,1785,1161,15301,69480,1444090,0,0,0,0
5/7/2020,3344,56352,104,1889,1475,16776,81246,1525336,0,0,0,0
5/8/2020,3339,59691,97,1986,1111,17887,84185,1609521,0,0,0,0
5/9/2020,3175,62866,116,2102,1414,19301,85252,1694773,0,0,0,0
5/10/2020,4311,67177,112,2214,1669,20970,96377,1791150,0,0,0,0
5/11/2020,3592,70769,81,2295,1579,22549,66622,1857772,0,0,0,0
5/12/2020,3562,74331,120,2415,1905,24454,89677,1947449,0,0,0,0
5/13/2020,3726,78057,137,2552,1963,26417,94826,2042275,0,0,0,0
5/14/2020,3991,82048,97,2649,1594,28011,102864,2145139,0,0,0,0
5/15/2020,3808,85856,104,2753,2234,30245,100179,2245318,0,0,0,0
5/16/2020,4794,90650,120,2873,4012,34257,105588,2350906,0,0,0,0
5/17/2020,5049,95699,152,3025,2538,36795,118723,2469629,0,0,0,0
5/18/2020,4628,100327,131,3156,2482,39277,108321,2577950,0,0,0,0
5/19/2020,5340,105667,146,3302,3032,42309,116480,2694430,0,0,0,0
5/20/2020,5438,111105,134,3436,3113,45422,118354,2812784,0,0,0,0
5/21/2020,5716,116821,148,3584,3131,48553,122678,2935462,0,0,0,0
5/22/2020,6319,123140,142,3726,3280,51833,125206,3060668,0,0,0,0
5/23/2020,6386,129526,142,3868,2576,54409,127564,3188232,0,0,0,0
5/24/2020,6672,136198,156,4024,3285,57694,130633,3318865,0,0,0,0
5/25/2020,6110,142308,149,4173,3012,60706,118994,3437859,0,0,0,0
5/26/2020,5579,147887,173,4346,3585,64291,106543,3544402,0,0,0,0
5/27/2020,6203,154090,188,4534,3434,67725,117082,3661484,0,0,0,0
5/28/2020,6935,161025,176,4710,3171,70896,135657,3797141,0,0,0,0
5/29/2020,7797,168822,268,4978,11735,82631,161172,3958313,0,0,0,0
5/30/2020,7994,176816,205,5183,4303,86934,148346,4106659,0,0,0,0
5/31/2020,8341,185157,222,5405,4928,91862,144766,4251425,0,0,0,0
6/1/2020,7585,192742,201,5606,3882,95744,122893,4374318,0,0,0,0
6/2/2020,8028,200770,222,5828,4531,100275,152454,4526772,0,0,0,0
6/3/2020,8979,209749,259,6087,3789,104064,158655,4685427,0,0,0,0
6/4/2020,9487,219236,274,6361,4390,108454,150387,4835814,0,0,0,0
6/5/2020,9345,228581,286,6647,4771,113225,152433,4988247,0,0,0,0
6/6/2020,9826,238407,297,6944,5433,118658,161040,5149287,0,0,0,0
6/7/2020,10464,248871,261,7205,5191,123849,161217,5310504,0,0,0,0
6/8/2020,9309,258180,271,7476,5171,129020,152431,5462935,0,0,0,0
6/9/2020,9107,267287,272,7748,5634,134654,160245,5623180,0,0,0,0
6/10/2020,10640,277927,358,8106,6275,140929,153665,5776845,0,0,0,0
6/11/2020,11431,289358,394,8500,6044,146973,169539,5946384,0,0,0,0
6/12/2020,11922,301280,388,8888,7263,154236,161139,6107523,0,0,0,0
6/13/2020,12370,313650,309,9197,8091,162327,163815,6271338,0,0,0,0
6/14/2020,11952,325602,324,9521,7358,169685,168688,6440026,0,0,0,0
6/15/2020,10496,336098,396,9917,10640,180325,158519,6598545,0,0,0,0
6/16/2020,10373,346471,2004,11921,7226,187551,187787,6786332,0,0,0,0
6/17/2020,12519,358990,341,12262,6890,194441,172035,6958367,0,0,0,0
6/18/2020,13399,372389,343,12605,10741,205182,213476,7171843,0,0,0,0
6/19/2020,14516,386905,364,12969,9029,214211,209908,7381751,0,0,0,0
6/20/2020,15580,402485,308,13277,13974,228185,217841,7599592,0,0,0,0
6/21/2020,15289,417774,426,13703,9075,237260,229355,7828947,0,0,0,0
6/22/2020,14855,432629,312,14015,10879,248139,185804,8014751,0,0,0,0
6/23/2020,15473,448102,468,14483,10462,258601,216155,8230906,0,0,0,0
6/24/2020,16742,464844,424,14907,13089,271690,241678,8472584,0,0,0,0
6/25/2020,17853,482697,401,15308,13983,285673,238668,8711252,0,0,0,0
6/26/2020,18625,501322,381,15689,10246,295919,240990,8952242,0,0,0,0
6/27/2020,20242,521564,414,16103,14229,310148,254713,9206955,0,0,0,0
6/28/2020,19794,541358,384,16487,11631,321779,242542,9449497,0,0,0,0
6/29/2020,18893,560251,417,16904,13497,335276,226750,9676247,0,0,0,0
6/30/2020,18536,578787,506,17410,12565,347841,239805,9916052,0,0,0,0
7/1/2020,19519,598306,438,17848,12064,359905,258318,10174370,0,0,0,0
7/2/2020,22030,620336,378,18226,19999,379904,253408,10427778,0,0,0,0
7/3/2020,23519,643855,444,18670,14417,394321,304861,10732639,0,0,0,0
7/4/2020,25050,668905,611,19281,14746,409067,287014,11019653,0,0,0,0
7/5/2020,24312,693217,421,19702,15829,424896,297904,11317557,0,0,0,0
7/6/2020,22216,715433,473,20175,15315,440211,244157,11561714,0,0,0,0
7/7/2020,23027,738460,479,20654,16838,457049,281254,11842968,0,0,0,0
7/8/2020,25577,764037,492,21146,19508,476557,313771,12156739,0,0,0,0
7/9/2020,26423,790460,479,21625,19408,495965,324565,12481304,0,0,0,0
7/10/2020,27973,818433,520,22145,20289,516254,325385,12806689,0,0,0,0
7/11/2020,28499,846932,541,22686,19981,536235,337455,13144144,0,0,0,0
7/12/2020,29498,876430,497,23183,18198,554433,322151,13466295,0,0,0,0
7/13/2020,28844,905274,541,23724,17683,572116,245439,13711734,0,0,0,0
7/14/2020,30096,935370,582,24306,20976,593092,346155,14057889,0,0,0,0
7/15/2020,33262,968632,614,24920,20646,613738,377629,14435518,0,0,0,0
7/16/2020,35707,1004339,680,25600,22867,636605,381173,14816691,0,0,0,0
7/17/2020,35578,1039917,676,26276,17486,654091,398415,15215106,0,0,0,0
7/18/2020,37779,1077696,543,26819,23582,677673,420426,15635532,0,0,0,0
7/19/2020,40398,1118094,675,27494,22730,700403,398527,16034059,0,0,0,0
7/20/2020,36806,1154900,596,28090,24303,724706,375056,16409115,0,0,0,0
7/21/2020,39170,1194070,671,28761,27589,752295,425253,16834368,0,0,0,0
7/22/2020,45601,1239671,1130,29891,31875,784170,455589,17289957,0,0,0,0
7/23/2020,48443,1288114,755,30646,33326,817496,494025,17783982,0,0,0,0
7/24/2020,48888,1337002,763,31409,32514,850010,442779,18226761,0,0,0,0
7/25/2020,50072,1387074,703,32112,37125,887135,513257,18740018,0,0,0,0
7/26/2020,48932,1436006,704,32816,31512,918647,485975,19225993,0,0,0,0
7/27/2020,46484,1482490,642,33458,34354,953001,495370,19721363,0,0,0,0
7/28/2020,49631,1532121,774,34232,35683,988684,535223,20256586,0,0,0,0
7/29/2020,52479,1584600,775,35007,32886,1021570,580991,20837577,0,0,0,0
7/30/2020,54968,1639568,784,35791,37425,1058995,616384,21453961,0,0,0,0
7/31/2020,57486,1697054,765,36556,36554,1095549,630481,22084442,0,0,0,0
8/1/2020,55117,1752171,854,37410,51368,1146917,611980,22696422,0,0,0,0
8/2/2020,52672,1804843,760,38170,40355,1187272,590019,23286441,0,0,0,0
8/3/2020,50491,1855334,806,38976,43070,1230342,526672,23813113,0,0,0,0
8/4/2020,51282,1906616,849,39825,51220,1281562,565171,24378284,0,0,0,0
8/5/2020,56626,1963242,919,40744,45583,1327145,569842,24948126,0,0,0,0
8/6/2020,62170,2025412,899,41643,50141,1377286,717503,25665629,0,0,0,0
8/7/2020,61455,2086867,936,42579,50387,1427673,745609,26411238,0,0,0,0
8/8/2020,65156,2152023,875,43454,52135,1479808,756437,27167675,0,0,0,0
8/9/2020,62117,2214140,1013,44467,54474,1534282,724917,27892592,0,0,0,0
8/10/2020,53016,2267156,887,45354,47362,1581644,625514,28518106,0,0,0,0
8/11/2020,61252,2328408,835,46189,56461,1638105,765210,29283316,0,0,0,0
8/12/2020,67066,2395474,950,47139,57759,1695864,902345,30185661,0,0,0,0
8/13/2020,64141,2459615,1006,48145,54776,1750640,815519,31001180,0,0,0,0
8/14/2020,65610,2525225,989,49134,56920,1807560,874430,31875610,0,0,0,0
8/15/2020,63986,2589211,952,50086,53116,1860676,807546,32683156,0,0,0,0
8/16/2020,58096,2647307,952,51038,57404,1918080,679593,33362749,0,0,0,0
8/17/2020,54298,2701605,880,51918,58172,1976252,721466,34084215,0,0,0,0
8/18/2020,65024,2766629,1099,53017,60455,2036707,868483,34952698,0,0,0,0
8/19/2020,69196,2835825,979,53996,59365,2096072,902596,35855294,0,0,0,0
8/20/2020,68518,2904343,981,54977,61873,2157945,905405,36760699,0,0,0,0
8/21/2020,69029,2973372,953,55930,62858,2220803,954309,37715008,0,0,0,0
8/22/2020,70067,3043439,918,56848,59101,2279904,955953,38670961,0,0,0,0
8/23/2020,61749,3105188,846,57694,56896,2336800,861867,39532828,0,0,0,0
8/24/2020,59696,3164884,854,58548,66305,2403105,784597,40317425,0,0,0,0
8/25/2020,66873,3231757,1066,59614,64151,2467256,914619,41232044,0,0,0,0
8/26/2020,75995,3307752,1017,60631,56191,2523447,1085492,42317536,0,0,0,0
8/27/2020,76827,3384579,1066,61697,59620,2583067,1058956,43376492,0,0,0,0
8/28/2020,76657,3461236,1019,62716,64475,2647542,1039317,44415809,0,0,0,0
8/29/2020,78479,3539715,943,63659,64982,2712524,1063876,45479685,0,0,0,0
8/30/2020,79461,3619176,960,64619,60422,2772946,1026674,46506359,0,0,0,0
8/31/2020,68766,3687942,816,65435,64435,2837381,1016244,47522603,0,0,0,0
9/1/2020,78168,3766110,1027,66462,62147,2899528,1041409,48564012,0,0,0,0
9/2/2020,82865,3848975,1026,67488,67876,2967404,1062303,49626315,0,0,0,0
9/3/2020,84159,3933134,1083,68571,67510,3034914,1125572,50751887,0,0,0,0
9/4/2020,87107,4020241,1066,69637,69604,3104518,1144706,51896593,0,0,0,0
9/5/2020,90606,4110847,1044,70681,73165,3177683,1178450,53075043,0,0,0,0
9/6/2020,91725,4202572,1005,71686,69630,3247313,1156649,54231692,0,0,0,0
9/7/2020,75015,4277587,1129,72815,74116,3321429,957897,55189589,0,0,0,0
9/8/2020,89855,4367442,1107,73922,74608,3396037,1206395,56395984,0,0,0,0
9/9/2020,95536,4462978,1168,75090,73062,3469099,1169963,57565947,0,0,0,0
9/10/2020,96762,4559740,1213,76303,70904,3540003,1141480,58707427,0,0,0,0
9/11/2020,97655,4657395,1202,77505,81456,3621459,1155033,59862460,0,0,0,0
9/12/2020,94414,4751809,1111,78616,77862,3699321,1167543,61030003,0,0,0,0
9/13/2020,93220,4845029,1140,79756,77748,3777069,1116580,62146583,0,0,0,0
9/14/2020,81909,4926938,1054,80810,79208,3856277,967848,63114431,0,0,0,0
9/15/2020,91097,5018035,1281,82091,82854,3939131,1176366,64290797,0,0,0,0
9/16/2020,97860,5115895,1140,83231,82924,4022055,1232555,65523352,0,0,0,0
9/17/2020,96787,5212682,1175,84406,87788,4109843,1201193,66724545,0,0,0,0
9/18/2020,92973,5305655,1221,85627,95515,4205358,1156215,67880760,0,0,0,0
9/19/2020,92574,5398229,1149,86776,94389,4299747,1176058,69056818,0,0,0,0
9/20/2020,87395,5485624,1135,87911,92926,4392673,1231124,70287942,0,0,0,0
9/21/2020,74493,5560117,1056,88967,102075,4494748,990618,71278560,0,0,0,0
9/22/2020,83362,5643479,1085,90052,89657,4584405,1234431,72512991,0,0,0,0
9/23/2020,86703,5730182,1123,91175,87459,4671864,1236478,73749469,0,0,0,0
9/24/2020,85921,5816103,1144,92319,81142,4753006,1215737,74965206,0,0,0,0
9/25/2020,85717,5901820,1093,93412,93331,4846337,1226471,76191677,0,0,0,0
9/26/2020,88759,5990579,1124,94536,92365,4938702,1233715,77425392,0,0,0,0
9/27/2020,82770,6073349,1040,95576,74691,5013393,1246762,78672154,0,0,0,0
9/28/2020,69669,6143018,775,96351,85198,5098591,1169392,79841546,0,0,0,0
9/29/2020,80500,6223518,1178,97529,86150,5184741,1299245,81140791,0,0,0,0
9/30/2020,86748,6310266,1179,98708,85274,5270015,1335072,82475863,0,0,0,0
10/1/2020,81785,6392051,1099,99807,78731,5348746,1207909,83683772,0,0,0,0
10/2/2020,79885,6471936,1068,100875,76340,5425086,1178472,84862244,0,0,0,0
10/3/2020,75479,6547415,937,101812,81655,5506741,1081728,85943972,0,0,0,0
10/4/2020,74770,6622185,903,102715,76715,5583456,1157403,87101375,0,0,0,0
10/5/2020,60130,6682315,886,103601,75857,5659313,955069,88056444,0,0,0,0
10/6/2020,71869,6754184,990,104591,81945,5741258,1146881,89203325,0,0,0,0
10/7/2020,78809,6832993,963,105554,83210,5824468,1190395,90393720,0,0,0,0
10/8/2020,70798,6903791,967,106521,78745,5903213,1196858,91590578,0,0,0,0
10/9/2020,73305,6977096,929,107450,82628,5985841,1215007,92805585,0,0,0,0
10/10/2020,74418,7051514,921,108371,89024,6074865,1219040,94024625,0,0,0,0
10/11/2020,67789,7119303,813,109184,71565,6146430,1107816,95132441,0,0,0,0
10/12/2020,54262,7173565,710,109894,78365,6224795,1031193,96163634,0,0,0,0
10/13/2020,63717,7237282,727,110621,74079,6298874,1198230,97361864,0,0,0,0
10/14/2020,67811,7305093,690,111311,81582,6380456,1260424,98622288,0,0,0,0
10/15/2020,63441,7368534,882,112193,70792,6451248,1139736,99762024,0,0,0,0
10/16/2020,62304,7430838,840,113033,70568,6521816,1172988,100935012,0,0,0,0
10/17/2020,61893,7492731,1032,114065,72583,6594399,1147224,102082236,0,0,0,0
10/18/2020,56519,7549250,582,114647,66418,6660817,1094627,103176863,0,0,0,0
10/19/2020,45506,7594756,589,115236,69800,6730617,960849,104137712,0,0,0,0
10/20/2020,54348,7649104,714,115950,61828,6792445,1128955,105266667,0,0,0,0
10/21/2020,56264,7705368,701,116651,79561,6872006,1232074,106498741,0,0,0,0
10/22/2020,54371,7759739,686,117337,74569,6946575,1183715,107682456,0,0,0,0
10/23/2020,53931,7813670,655,117992,66994,7013569,1196075,108878531,0,0,0,0
10/24/2020,50366,7864036,578,118570,62270,7075839,1151961,110030492,0,0,0,0
10/25/2020,45922,7909958,483,119053,59304,7135143,1004997,111035489,0,0,0,0
10/26/2020,36104,7946062,491,119544,63873,7199016,830796,111866285,0,0,0,0
10/27/2020,43036,7989098,511,120055,58429,7257445,1001592,112867877,0,0,0,0
10/28/2020,50188,8039286,515,120570,56594,7314039,1142135,114010012,0,0,0,0
10/29/2020,48765,8088051,562,121132,57867,7371906,1143595,115153607,0,0,0,0
10/30/2020,48117,8136168,550,121682,59005,7430911,1124887,116278494,0,0,0,0
10/31/2020,47228,8183396,469,122151,58682,7489593,1172488,117450982,0,0,0,0
11/1/2020,45928,8229324,491,122642,53312,7542905,1099882,118550864,0,0,0,0
11/2/2020,37592,8266916,498,123140,58524,7601429,932590,119483454,0,0,0,0
11/3/2020,46027,8312943,510,123650,53328,7654757,1149347,120632801,0,0,0,0
11/4/2020,50465,8363408,707,124357,55873,7710630,1162218,121795019,0,0,0,0
11/5/2020,47628,8411036,672,125029,54133,7764763,1165974,122960993,0,0,0,0
11/6/2020,50359,8461395,577,125606,53992,7818755,1198435,124159428,0,0,0,0
11/7/2020,45811,8507206,557,126163,48536,7867291,1161566,125320994,0,0,0,0
11/8/2020,46707,8553913,490,126653,48465,7915756,1112682,126433676,0,0,0,0
11/9/2020,37119,8591032,450,127103,41449,7957205,946917,127380593,0,0,0,0
11/10/2020,44724,8635756,511,127614,54639,8011844,1125216,128505809,0,0,0,0
11/11/2020,48285,8684041,550,128164,52704,8064548,1164347,129670156,0,0,0,0
11/12/2020,44584,8728625,544,128708,49354,8113902,1159627,130829783,0,0,0,0
11/13/2020,44620,8773245,517,129225,47620,8161522,1154341,131984124,0,0,0,0
11/14/2020,41692,8814937,450,129675,42317,8203839,986482,132970606,0,0,0,0
11/15/2020,30681,8845618,434,130109,44111,8247950,716779,133687385,0,0,0,0
11/16/2020,28609,8874227,451,130560,40392,8288342,680317,134367702,0,0,0,0
11/17/2020,38548,8912775,472,131032,44753,8333095,1016448,135384150,0,0,0,0
11/18/2020,45366,8958141,586,131618,48675,8381770,1048467,136432617,0,0,0,0
11/19/2020,46185,9004326,582,132200,45246,8427016,1158340,137590957,0,0,0,0
11/20/2020,46283,9050609,564,132764,48968,8475984,1154221,138745178,0,0,0,0
11/21/2020,45301,9095910,499,133263,44055,8520039,1168215,139913393,0,0,0,0
11/22/2020,44404,9140314,510,133773,41405,8561444,1145420,141058813,0,0,0,0
11/23/2020,37441,9177755,481,134254,42195,8603639,971565,142030378,0,0,0,0
11/24/2020,44245,9222000,489,134743,37765,8641404,1230000,143260378,0,0,0,0
11/25/2020,44699,9266699,518,135261,36582,8677986,1272795,144533173,0,0,0,0
11/26/2020,43174,9309873,491,135752,39723,8717709,1254361,145787534,0,0,0,0
11/27/2020,41353,9351226,486,136238,41177,8758886,1227955,147015489,0,0,0,0
11/28/2020,41815,9393041,495,136733,42275,8801161,1241278,148256767,0,0,0,0
11/29/2020,39036,9432077,444,137177,45152,8846313,1346443,149603210,0,0,0,0
11/30/2020,31179,9463256,482,137659,42282,8888595,1000101,150603311,0,0,0,0
12/1/2020,36474,9499730,501,138160,43208,8931803,1113389,151716700,0,0,0,0
12/2/2020,35506,9535236,526,138686,40908,8972711,1194025,152910725,0,0,0,0
12/3/2020,36574,9571810,541,139227,42991,9015702,1256503,154167228,0,0,0,0
12/4/2020,36711,9608521,511,139738,42359,9058061,1247914,155415142,0,0,0,0
12/5/2020,36010,9644531,482,140220,41885,9099946,1242975,156658117,0,0,0,0
12/6/2020,33178,9677709,390,140610,39078,9139024,1184231,157842348,0,0,0,0
12/7/2020,26227,9703936,386,140996,39293,9178317,958201,158800549,0,0,0,0
12/8/2020,32083,9736019,402,141398,36583,9214900,1169682,159970231,0,0,0,0
12/9/2020,31637,9767656,413,141811,37693,9252593,1140571,161110802,0,0,0,0
12/10/2020,29411,9797067,411,142222,37707,9290300,1131026,162241828,0,0,0,0
12/11/2020,29961,9827028,442,142664,33492,9323792,1166360,163408188,0,0,0,0
12/12/2020,30354,9857382,391,143055,33087,9356879,1099368,164507556,0,0,0,0
12/13/2020,27336,9884718,338,143393,30640,9387519,1109668,165617224,0,0,0,0
12/14/2020,21941,9906659,354,143747,34421,9421940,932403,166549627,0,0,0,0
12/15/2020,26251,9932910,384,144131,33853,9455793,1118171,167667798,0,0,0,0
12/16/2020,18172,9951082,356,144487,33360,9489153,1168166,168835964,0,0,0,0
12/17/2020,26754,9977836,342,144829,30891,9520044,1182012,170017976,0,0,0,0
12/18/2020,26991,10004827,342,145171,29879,9549923,1161760,171179736,0,0,0,0
12/19/2020,26834,10031661,342,145513,29758,9579681,1157895,172337631,0,0,0,0
12/20/2020,24622,10056283,332,145845,25734,9605415,1089376,173427007,0,0,0,0
12/21/2020,19147,10075430,302,146147,30250,9635665,895298,174322305,0,0,0,0
12/22/2020,23880,10099310,329,146476,27032,9662697,1106287,175428592,0,0,0,0
12/23/2020,24716,10124026,315,146791,29946,9692643,1072567,176501159,0,0,0,0
12/24/2020,23444,10147470,337,147128,24555,9717198,1207671,177708830,0,0,0,0
12/25/2020,22349,10169819,251,147379,22184,9739382,1071998,178780828,0,0,0,0
12/26/2020,18575,10188394,280,147659,21466,9760848,927837,179708665,0,0,0,0
12/27/2020,20333,10208727,281,147940,21097,9781945,983997,180692662,0,0,0,0
12/28/2020,16072,10224799,250,148190,24822,9806767,851186,181543848,0,0,0,0
12/29/2020,20542,10245341,285,148475,26589,9833356,1057321,182601169,0,0,0,0
12/30/2020,21945,10267286,299,148774,26407,9859763,1125360,183726529,0,0,0,0
12/31/2020,19026,10286312,244,149018,21969,9881732,1126325,184852854,0,0,0,0
1/1/2021,20159,10306471,237,149255,23838,9905570,1077555,185930409,0,0,0,0
1/2/2021,18144,10324615,216,149471,20903,9926473,968457,186898866,0,0,0,0
1/3/2021,16678,10341293,215,149686,19658,9946131,953739,187852605,0,0,0,0
1/4/2021,16278,10357571,200,149886,29209,9975340,828120,188680725,0,0,0,0
1/5/2021,17909,10375480,265,150151,21161,9996501,1025005,189705730,0,0,0,0
1/6/2021,20472,10395952,222,150373,19689,10016190,1075934,190781664,0,0,0,0
1/7/2021,18123,10414075,233,150606,20503,10036693,1070440,191852104,0,0,0,0
1/8/2021,18453,10432528,229,150835,19242,10055935,1070602,192922706,0,0,0,0
1/9/2021,18820,10451348,213,151048,19460,10075395,1052651,193975357,0,0,0,0
1/10/2021,16086,10467434,150,151198,16737,10092132,954963,194930320,0,0,0,0
1/11/2021,12481,10479915,166,151364,18578,10110710,813066,195743386,0,0,0,0
1/12/2021,15903,10495818,200,151564,17762,10128472,987420,196730806,0,0,0,0
1/13/2021,17015,10512833,201,151765,17797,10146269,1006351,197737157,0,0,0,0
1/14/2021,15677,10528510,189,151954,15943,10162212,947908,198685065,0,0,0,0
1/15/2021,15155,10543665,176,152130,16809,10179021,854393,199539458,0,0,0,0
1/16/2021,15050,10558715,181,152311,17202,10196223,895861,200435319,191181,191181,0,0
1/17/2021,13962,10572677,145,152456,14513,10210736,864412,201299731,0,191181,0,0
1/18/2021,9987,10582664,137,152593,17127,10227863,707490,202007221,248851,440032,0,0
1/19/2021,13787,10596451,162,152755,17229,10245092,885547,202892768,176368,616400,0,0
1/20/2021,15279,10611730,152,152907,20071,10265163,904429,203797197,163144,779544,0,0
1/21/2021,14495,10626225,161,153068,17734,10282897,920716,204717913,231693,1011237,0,0
1/22/2021,14323,10640548,153,153221,17166,10300063,937872,205655785,342429,1353666,0,0
1/23/2021,14896,10655444,156,153377,16033,10316096,872122,206527907,188391,1542057,0,0
1/24/2021,13232,10668676,131,153508,13148,10329244,792017,207319924,33163,1575220,0,0
1/25/2021,9098,10677774,116,153624,16092,10345336,744875,208064799,404964,1980184,0,0
1/26/2021,12733,10690507,138,153762,13250,10358586,805839,208870638,5621,1985805,0,0
1/27/2021,11556,10702063,123,153885,14261,10372847,662347,209532985,323849,2309654,0,0
1/28/2021,18912,10720975,162,154047,20315,10393162,797497,210330482,569998,2879652,0,0
1/29/2021,13054,10734029,137,154184,14886,10408048,803082,211133564,570297,3449949,0,0
1/30/2021,13073,10747102,128,154312,14077,10422125,868610,212002174,242265,3692214,0,0
1/31/2021,11527,10758629,116,154428,11882,10434007,756658,212758832,14509,3706723,0,0
2/1/2021,8579,10767208,94,154522,13443,10447450,649802,213408634,189414,3896137,0,0
2/2/2021,11001,10778209,113,154635,14250,10461700,738480,214147114,187175,4083312,0,0
2/3/2021,12925,10791134,107,154742,17813,10479513,804507,214951621,309028,4392340,0,0
2/4/2021,12401,10803535,120,154862,15788,10495301,865739,215817360,508699,4901039,0,0
2/5/2021,11711,10815246,95,154957,14512,10509813,848665,216666025,455303,5356342,0,0
2/6/2021,12069,10827315,75,155032,11761,10521574,855154,217521179,356923,5713265,0,0
2/7/2021,11786,10839101,86,155118,11756,10533330,771438,218292617,37040,5750305,0,0
2/8/2021,8715,10847816,78,155196,13600,10546930,637736,218930353,445193,6195498,0,0
2/9/2021,10731,10858547,94,155290,12928,10559858,788003,219718356,348825,6544323,0,0
2/10/2021,12539,10871086,110,155400,11796,10571654,840824,220559180,398425,6942748,0,0
2/11/2021,9353,10880439,85,155485,15722,10587376,835459,221394639,477263,7420011,0,0
2/12/2021,12137,10892576,104,155589,11358,10598734,836613,222231252,448127,7868138,0,0
2/13/2021,12198,10904774,89,155678,11107,10609841,827395,223058647,257035,8125173,23413,23413
2/14/2021,11706,10916480,91,155769,9500,10619341,714049,223772696,19543,8144716,718,24131
2/15/2021,9086,10925566,82,155851,11793,10631134,575995,224348691,283227,8427943,132426,156557
2/16/2021,11592,10937158,99,155950,11836,10642970,706695,225055386,139103,8567046,110252,266809
2/17/2021,12862,10950020,100,156050,12028,10654998,736448,225791834,297354,8864400,85719,352528
2/18/2021,13238,10963258,100,156150,10913,10665911,750837,226542671,485855,9350255,236212,588740
2/19/2021,13916,10977174,100,156250,10215,10676126,784824,227327495,252992,9603247,231457,820197
2/20/2021,13919,10991093,89,156339,11413,10687539,770502,228097997,214727,9817974,108855,929052
2/21/2021,14278,11005371,83,156422,9715,10697254,717136,228815133,21234,9839208,7022,936074
2/22/2021,10494,11015865,76,156498,13233,10710487,614450,229429583,291003,10130211,287090,1223164
2/23/2021,13682,11029547,103,156601,13969,10724456,722200,230151783,219908,10350119,138022,1361186
2/24/2021,16930,11046477,141,156742,12100,10736556,765273,230917056,235340,10585459,216064,1577250
2/25/2021,16599,11063076,119,156861,12222,10748778,808829,231725885,330636,10916095,414820,1992070
2/26/2021,16562,11079638,114,156975,12790,10761568,952603,232678488,290850,11206945,417788,2409858
2/27/2021,16805,11096443,111,157086,11709,10773277,852286,233530774,0,11206945,0,2409858
2/28/2021,15614,11112057,108,157194,11291,10784568,789039,234319813,0,11206945,0,2409858
3/1/2021,12270,11124327,92,157286,12472,10797040,642625,234962438,340817,11547762,138858,2548716
3/2/2021,14998,11139325,98,157384,13113,10810153,806803,235769241,556500,12104262,114707,2663423
3/3/2021,17425,11156750,87,157471,14071,10824224,844292,236613533,745164,12849426,161240,2824663
3/4/2021,16824,11173574,113,157584,13788,10838012,854174,237467707,975440,13824866,330454,3155117
3/5/2021,18324,11191898,109,157693,14186,10852198,869576,238337283,1120595,14945461,290946,3446063
3/6/2021,18724,11210622,100,157793,14379,10866577,844821,239182104,1107008,16052469,251620,3697683
3/7/2021,18650,11229272,97,157890,14303,10880880,821970,240004074,54459,16106928,6777,3704460
3/8/2021,15353,11244625,76,157966,16606,10897486,638790,240642864,1668588,17775516,300416,4004876
3/9/2021,17873,11262498,133,158099,20643,10918129,790892,241433756,1020655,18796171,294778,4299654
3/10/2021,22851,11285349,125,158224,18154,10936283,856652,242290408,1002564,19798735,280664,4580318
3/11/2021,23298,11308647,119,158343,15092,10951375,867141,243157549,380426,20179161,68726,4649044
3/12/2021,24845,11333492,140,158483,19972,10971347,782352,243939901,1625134,21804295,403640,5052684
3/13/2021,25154,11358646,159,158642,16508,10987855,840797,244780698,1213320,23017615,272494,5325178
3/14/2021,26513,11385159,120,158762,17590,11005445,854587,245635285,144209,23161824,24314,5349492
3/15/2021,24437,11409596,130,158892,20186,11025631,744106,246379391,2606578,25768402,391322,5740814
3/16/2021,28869,11438465,187,159079,17746,11043377,882895,247262286,1759123,27527525,311868,6052682
3/17/2021,35838,11474303,171,159250,17793,11061170,984882,248247168,1721933,29249458,313843,6366525
3/18/2021,39687,11513990,156,159406,20356,11081526,1013289,249260457,1810403,31059861,340618,6707143
3/19/2021,40906,11554896,188,159594,23623,11105149,1020495,250280952,2402422,33462283,271533,6978676
3/20/2021,43815,11598711,196,159790,22971,11128120,1063825,251344777,2272624,35734907,221827,7200503
3/21/2021,47009,11645720,213,160003,21205,11149325,1030053,252374830,449115,36184022,13042,7213545
3/22/2021,40636,11686356,197,160200,29779,11179104,903169,253277999,3045521,39229543,325147,7538692
3/23/2021,47239,11733595,277,160477,23913,11203017,1070444,254348443,2085130,41314673,190548,7729240
3/24/2021,53419,11787014,249,160726,26575,11229592,1133186,255481629,2101917,43416590,141265,7870505
3/25/2021,59085,11846099,257,160983,32916,11262508,1152787,256634416,2143410,45560000,161033,8031538
3/26/2021,62276,11908375,292,161275,30341,11292849,1180365,257814781,2413408,47973408,138005,8169543
3/27/2021,62632,11971007,311,161586,28728,11321577,1164262,258979043,2006504,49979912,96882,8266425
3/28/2021,68206,12039213,295,161881,32269,11353846,1145192,260124235,212051,50191963,5022,8271447
3/29/2021,56152,12095365,266,162147,36989,11390835,920392,261044627,550958,50742921,29713,8301160
3/30/2021,53237,12148602,355,162502,41242,11432077,866006,261910633,1776164,52519085,148696,8449856
3/31/2021,72115,12220717,458,162960,40423,11472500,1064764,262975397,1785015,54304100,178890,8628746
4/1/2021,81398,12302115,468,163428,50384,11522884,1225426,264200823,3355767,57659867,233483,8862229
4/2/2021,89023,12391138,713,164141,44179,11567063,1264277,265465100,3931641,61591508,325732,9187961
4/3/2021,92994,12484132,514,164655,60059,11627122,1258065,266723165,2649669,64241177,212703,9400664
4/4/2021,103794,12587926,477,165132,52840,11679962,1323780,268046945,2939067,67180244,183906,9584570
4/5/2021,96563,12684489,446,165578,50100,11730062,1184660,269231605,3587417,70767661,340918,9925488
4/6/2021,115312,12799801,630,166208,59714,11789776,1443946,270675551,3660287,74427948,317189,10242677
4/7/2021,126276,12926077,684,166892,59137,11848913,1493123,272168674,2803300,77231248,246647,10489324
4/8/2021,131878,13057955,802,167694,61829,11910742,1565975,273734649,3661406,80892654,395379,10884703
4/9/2021,144997,13202952,773,168467,77303,11988045,1627519,275362168,3287884,84180538,402632,11287335
4/10/2021,152565,13355517,838,169305,90328,12078373,1629568,276991736,3114368,87294906,371457,11658792
4/11/2021,169915,13525432,904,170209,75380,12153753,1752155,278743891,2700909,89995815,230527,11889319
4/12/2021,160854,13686286,880,171089,96746,12250499,1530803,280274694,3448783,93444598,523296,12412615
4/13/2021,185306,13871592,1026,172115,82271,12332770,1741147,282015841,2252886,95697484,363684,12776299
4/14/2021,199584,14071176,1038,173153,93425,12426195,1657286,283673127,2876722,98574206,434434,13210733
4/15/2021,216838,14288014,1184,174337,117899,12544094,1652413,285325540,2163783,100737989,537964,13748697
4/16/2021,234002,14522016,1338,175675,122886,12666980,1794942,287120482,2052133,102790122,631303,14380000
4/17/2021,260895,14782911,1498,177173,138209,12805189,1899850,289020332,2016713,104806835,643369,15023369
4/18/2021,275083,15057994,1620,178793,143839,12949028,1892406,290912738,940318,105747153,288464,15311833
4/19/2021,257017,15315011,1757,180550,154369,13103397,1671418,292584156,2283041,108030194,971168,16283001
4/20/2021,294378,15609389,2021,182571,166668,13270065,1923170,294507326,1981179,110011373,984598,17267599
4/21/2021,315752,15925141,2101,184672,179434,13449499,2016859,296524185,1501114,111512487,707762,17975361
4/22/2021,332531,16257672,2257,186929,192317,13641816,2012971,298537156,1919422,113431909,1203419,19178780
4/23/2021,345296,16602968,2620,189549,220545,13862361,2172049,300709205,1857660,115289569,1021493,20200273
4/24/2021,348996,16951964,2761,192310,215809,14078170,2096195,302805400,1640191,116929760,882518,21082791
4/25/2021,354658,17306622,2808,195118,218626,14296796,2043970,304849370,685020,117614780,308143,21390934
4/26/2021,319471,17626093,2762,197880,249009,14545805,1783504,306632874,2090653,119705433,1253345,22644279
4/27/2021,362913,17989006,3286,201166,262349,14808154,2043499,308676373,1564329,121269762,975509,23619788
4/28/2021,379403,18368409,3646,204812,274171,15082325,2095417,310771790,1277557,122547319,900947,24520735
4/29/2021,386773,18755182,3502,208314,291727,15374052,2149970,312921760,1271568,123818887,940052,25460787
4/30/2021,402014,19157196,3525,211839,299198,15673250,2164188,315085948,1566822,125385709,1165347,26626134
5/1/2021,392576,19549772,3685,215524,308688,15981938,2168401,317254349,1111693,126497402,703153,27329287
5/2/2021,370090,19919862,3423,218947,300004,16281942,2012777,319267126,202743,126700145,178645,27507932
5/3/2021,355769,20275631,3439,222386,318910,16600852,1827939,321095065,849690,127549835,873419,28381351
5/4/2021,382847,20658478,3786,226172,337698,16938550,2054034,323149099,814139,128363974,733783,29115134
5/5/2021,412624,21071102,3979,230151,330718,17269268,2135883,325284982,927106,129291080,1077940,30193074
5/6/2021,414280,21485382,3923,234074,328349,17597617,2227875,327512857,1110068,130401148,1337694,31530768
5/7/2021,406901,21892283,4233,238307,327675,17925292,2237961,329750818,1021898,131423046,1340072,32870840
5/8/2021,403808,22296091,4092,242399,386395,18311687,2149140,331899958,866156,132289202,1218686,34089526
5/9/2021,366455,22662546,3749,246148,353777,18665464,1972236,333872194,424297,132713499,312394,34401920
5/10/2021,329491,22992037,3879,250027,355930,19021394,1853037,335725231,1087456,133800955,1437107,35839027
5/11/2021,348555,23340592,4198,254225,355398,19376792,2058163,337783394,1123306,134924261,1392008,37231035
5/12/2021,362632,23703224,4128,258353,352005,19728797,2151079,339934473,1036639,135960900,932857,38163892
5/13/2021,343005,24046229,4000,262353,344676,20073473,2124266,342058739,1059253,137020153,1017725,39181617
5/14/2021,326256,24372485,3889,266242,353200,20426673,2062344,344121083,656269,137676422,502726,39684343
5/15/2021,310757,24683242,4077,270319,362547,20789220,2004060,346125143,1148101,138824523,614484,40298827
5/16/2021,281837,24965079,4098,274417,378526,21167746,2037017,348162160,622511,139447034,76730,40375557
5/17/2021,263021,25228100,4334,278751,422391,21590137,1919254,350081414,1279031,140726065,240216,40615773
5/18/2021,267246,25495346,4529,283280,389758,21979895,2146015,352227429,1154119,141880184,193731,40809504
5/19/2021,276187,25771533,3877,287157,369005,22348900,2267949,354495378,1038242,142918426,155497,40965001
5/20/2021,259242,26030775,4209,291366,357173,22706073,2199149,356694527,4576200,147494626,287283,41252284
5/21/2021,257299,26288074,4194,295560,357625,23063698,2245061,358939588,1298374,148793000,187830,41440114
5/22/2021,240897,26528971,3739,299299,355138,23418836,2274721,361214309,1442514,150235514,183536,41623650
5/23/2021,222834,26751805,4454,303753,302253,23721089,2171283,363385592,984967,151220481,62635,41686285
5/24/2021,195857,26947662,3509,307262,326737,24047826,2061155,365446747,2303713,153524194,177405,41863690
5/25/2021,208992,27156654,4160,311422,295264,24343090,2228441,367675188,1911525,155435719,203674,42067364
5/26/2021,211510,27368164,3843,315265,283054,24626144,2341086,370016274,1875484,157311203,156903,42224267
5/27/2021,186075,27554239,3659,318924,271002,24897146,2230247,372246521,2822759,160133962,195046,42419313
5/28/2021,174083,27728322,3611,322535,285332,25182478,2262131,374508652,2927575,163061537,247739,42667052
5/29/2021,165282,27893604,3463,325998,264483,25446961,2224410,376733062,2838224,165899761,325945,42992997
5/30/2021,153396,28047000,3130,329128,237664,25684625,2112476,378845538,995894,166895655,91621,43084618
5/31/2021,126883,28173883,2783,331911,255125,25939750,1949484,380795022,2583487,169479142,299543,43384161
6/1/2021,133152,28307035,3205,335116,231397,26171147,2142696,382937718,2211330,171690472,288699,43672860
6/2/2021,134044,28441079,2898,338014,211890,26383037,2239304,385177022,2252228,173942700,237145,43910005
6/3/2021,132424,28573503,2717,340731,206722,26589759,2277651,387454673,2819720,176762420,240975,44150980
6/4/2021,120454,28693957,3372,344103,197763,26787522,2281276,389735949,3465477,180227897,281970,44432950
6/5/2021,114488,28808445,2682,346785,189374,26976896,2260249,391996198,3185320,183413217,273655,44706605
6/6/2021,101209,28909654,2444,349229,174156,27151052,2092932,394089130,1376156,184789373,87506,44794111
6/7/2021,85804,28995458,2107,351336,182866,27333918,1897312,395986442,3080378,187869751,329001,45123112
6/8/2021,92787,29088245,2222,353558,162356,27496274,2105822,398092264,2541386,190411137,318248,45441360
6/9/2021,93883,29182128,6139,359697,149022,27645296,2159436,400251700,3344982,193756119,319968,45761328
6/10/2021,91849,29273977,3414,363111,135329,27780625,2198427,402450127,3027798,196783917,327827,46089155
6/11/2021,84574,29358551,3996,367107,122685,27903310,2228765,404678892,3177752,199961669,333305,46422460
6/12/2021,80525,29439076,3300,370407,132664,28035974,2167743,406846635,3202706,203164375,388690,46811150
6/13/2021,71001,29510077,3922,374329,119574,28155548,1979463,408826098,1476209,204640584,176937,46988087
6/14/2021,60008,29570085,2733,377062,117376,28272924,1846954,410673052,3796480,208437064,394517,47382604
6/15/2021,62217,29632302,2540,379602,107776,28380700,1991471,412664523,2514587,210951651,409608,47792212
6/16/2021,67289,29699591,2329,381931,103900,28484600,2111675,414776198,3166159,214117810,381078,48173290
6/17/2021,62436,29762027,1591,383522,88500,28573100,2153058,416929256,3025536,217143346,415612,48588902
6/18/2021,60765,29822792,1645,385167,97854,28670954,2154825,419084081,3026907,220170253,398099,48987001
6/19/2021,58615,29881407,1574,386741,87548,28758502,2156732,421240813,3785325,223955578,516252,49503253
6/20/2021,52978,29934385,1424,388165,78189,28836691,1919902,423160715,3054650,227010228,287860,49791113
6/21/2021,42683,29977068,1167,389332,82031,28918722,1757603,424918318,7939127,234949355,786938,50578051
6/22/2021,50817,30027885,1359,390691,68697,28987419,2066366,426984684,5213016,240162371,660294,51238345
6/23/2021,54309,30082194,1323,392014,69187,29056606,2133839,429118523,6329139,246491510,650962,51889307
6/24/2021,51659,30133853,1328,393342,64369,29120975,2060176,431178699,5512620,252004130,807681,52696988
6/25/2021,48768,30182621,1183,394525,64819,29185794,2053071,433231770,6096901,258101031,1000281,53697269
6/26/2021,49844,30232465,1258,395783,57866,29243660,2067484,435299254,5548996,263650027,1162522,54859791
6/27/2021,46523,30278988,978,396761,58563,29302223,1881094,437180348,1548466,265198493,351962,55211753
6/28/2021,37070,30316058,907,397668,57016,29359239,1768581,438948929,4197459,269395952,1168754,56380507
6/29/2021,46104,30362162,819,398487,60789,29420028,1913929,440862858,2881789,272277741,941252,57321759
6/30/2021,48606,30410768,1002,399489,61813,29481841,2159826,443022684,2085858,274363599,772956,58094715
7/1/2021,46781,30457549,857,400346,59054,29540895,2118199,445140883,3353989,277717588,1004875,59099590
7/2/2021,44187,30501736,737,401083,57497,29598392,2075116,447215999,3289160,281006748,1244531,60344121
7/3/2021,43027,30544763,950,402033,52270,29650662,2023694,449239693,4393604,285400352,2215467,62559588
7/4/2021,40150,30584913,725,402758,42342,29693004,1879991,451119684,1186521,286586873,484219,63043807
7/5/2021,34026,30618939,552,403310,51933,29744937,1727801,452847485,2848418,289435291,1811486,64855293
7/6/2021,43964,30662903,930,404240,47054,29791991,1914645,454762130,2534236,291969527,1234164,66089457
7/7/2021,45701,30708604,819,405059,44529,29836520,2119538,456881668,2183038,294152565,1340963,67430420
7/8/2021,43504,30752108,908,405967,44204,29880724,2033138,458914806,2787938,296940503,1352465,68782885
7/9/2021,42660,30794768,1207,407174,45291,29926015,2032254,460947060,2063329,299003832,1140118,69923003
7/10/2021,41494,30836262,898,408072,41511,29967526,2103534,463050594,2427948,301431780,1406621,71329624
7/11/2021,37654,30873916,720,408792,39688,30007214,1881921,464932515,847225,302279005,472151,71801775
7/12/2021,30818,30904734,2024,410816,47544,30054758,1730684,466663199,2593569,304872574,1520372,73322147
7/13/2021,40314,30945048,625,411441,42436,30097194,1941637,468604836,4774412,309646986,1454642,74776789
7/14/2021,41759,30986807,578,412019,39293,30136487,2052266,470657102,2141370,311788356,1499728,76276517
7/15/2021,39071,31025878,544,412563,39827,30176314,2002646,472659748,2586218,314374574,1415393,77691910
7/16/2021,38117,31063995,560,413123,43878,30220192,2059321,474719069,2548427,316923001,1801659,79493569
7/17/2021,41283,31105278,517,413640,42051,30262243,2107711,476826780,3228426,320151427,2006762,81500331
7/18/2021,38330,31143608,501,414141,38545,30300788,1988915,478815695,1050674,321202101,499104,81999435
7/19/2021,29420,31173028,372,414513,45356,30346144,1758510,480574205,3448018,324650119,1915386,83914821
7/20/2021,42128,31215156,3998,418511,36876,30383020,1963420,482537625,2323070,326973189,1301902,85216723
7/21/2021,41687,31256843,510,419021,38891,30421911,1976502,484514127,1542928,328516117,835647,86052370
7/22/2021,34863,31291706,480,419501,38403,30460314,1937116,486451243,3685784,332201901,1879265,87931635
7/23/2021,39501,31331207,542,420043,35145,30495459,1983447,488434690,2874540,335076441,1589689,89521324
7/24/2021,40286,31371493,541,420584,40038,30535497,2082002,490516692,3567830,338644271,1700372,91221696
7/25/2021,38179,31409672,411,420995,35945,30571442,1935764,492452456,1414981,340059252,629987,91851683
7/26/2021,30820,31440492,418,421413,42503,30613945,1759503,494211959,4713199,344772451,2002275,93853958
7/27/2021,42971,31483463,641,422054,41653,30655598,1997248,496209207,2807724,347580175,1435450,95289408
7/28/2021,43165,31526628,640,422694,38537,30694135,2091933,498301140,3221142,350801317,1327754,96617162
7/29/2021,44671,31571299,549,423243,42115,30736250,2048511,500349651,3595350,354396667,1731223,98348385
7/30/2021,41499,31612798,598,423841,37320,30773570,2031413,502381064,3679270,358075937,1804585,100152970
7/31/2021,41943,31654741,542,424383,39487,30813057,2052827,504433891,6985847,365061784,1794270,101947240
8/1/2021,40629,31695370,424,424807,36628,30849685,1979976,506413867,1188426,366250210,736617,102683857
8/2/2021,30085,31725455,420,425227,39120,30888805,1783442,508197309,4632084,370882294,1687302,104371159
8/3/2021,42530,31767985,561,425788,36552,30925357,2015482,510212791,5463543,376345837,1278321,105649480
8/4/2021,42797,31810782,532,426320,41873,30967230,2152128,512364919,3035464,379381301,1019402,106668882
8/5/2021,45005,31855787,465,426785,40906,31008136,2140613,514505532,4504649,383885950,1479978,108148860
8/6/2021,38705,31894492,616,427401,40026,31048162,2057691,516563223,4255789,388141739,1271116,109419976
8/7/2021,39068,31933560,491,427892,43935,31092097,2053480,518616703,4336427,392478166,1463790,110883766
8/8/2021,36036,31969596,447,428339,39832,31131929,1880788,520497491,1289442,393767608,564825,111448591
8/9/2021,27428,31997024,376,428715,41461,31173390,1678952,522176443,4490276,398257884,1344578,112793169
8/10/2021,38380,32035404,496,429211,40097,31213487,1839808,524016251,3437838,401695722,1141565,113934734
8/11/2021,41586,32076990,491,429702,39127,31252614,2051753,526068004,3384116,405079838,1205575,115140309
8/12/2021,40081,32117071,583,430285,42156,31294770,2015254,528083258,4648782,409728620,1262381,116402690
8/13/2021,38761,32155832,477,430762,35759,31330529,2026313,530109571,5216759,414945379,1390188,117792878
8/14/2021,36135,32191967,491,431253,37936,31368465,1980977,532090548,5729215,420674594,1926759,119719637
8/15/2021,33245,32225212,421,431674,35936,31404401,1548027,533638575,1497349,422171943,513374,120233011
8/16/2021,24696,32249908,438,432112,36871,31441272,1718153,535356728,7122059,429294002,1751442,121984453
8/17/2021,35208,32285116,440,432552,37143,31478415,1757989,537114717,4525132,433819134,1395788,123380241
8/18/2021,36502,32321618,527,433079,39269,31517684,1924986,539039703,4382113,438201247,1454290,124834531
8/19/2021,36600,32358218,543,433622,36457,31554141,1966838,541006541,4383678,442584925,1408537,126243068
8/20/2021,34308,32392526,376,433998,36285,31590426,1907126,542913667,2817431,445402356,1018431,127261499
8/21/2021,31023,32423549,401,434399,38577,31629003,1770068,544683735,3452037,448854393,1919154,129180653
8/22/2021,25420,32448969,385,434784,44103,31673106,1510875,546194610,757884,449612277,302334,129482987
8/23/2021,24794,32473763,357,435141,39553,31712659,1356480,547551090,4637635,454249912,1810271,131293258
8/24/2021,37739,32511502,650,435791,34148,31746807,1798602,549349692,4651356,458901268,1854645,133147903
8/25/2021,46129,32557631,605,436396,34248,31781055,1982776,551332468,6078004,464979272,2263577,135411480
8/26/2021,44550,32602181,493,436889,32925,31813980,1984037,553316505,5957828,470937100,2403887,137815367
8/27/2021,46806,32648987,514,437403,31343,31845323,2030304,555346809,8037926,478975026,2742666,140558033
8/28/2021,45064,32694051,457,437860,35811,31881134,1968339,557315148,0,478975026,0,140558033
8/29/2021,43374,32737425,527,438387,34843,31915977,1845373,559160521,7629484,486604510,3762446,144320479
8/30/2021,30248,32767673,205,438592,36240,31952217,1560212,560720733,4514477,491118987,1632809,145953288
8/31/2021,43073,32810746,462,439054,34112,31986329,1666597,562387330,10310634,501429621,3273742,149227030
9/1/2021,45975,32856721,507,439561,35091,32021420,1819332,564206662,6468099,507897720,2455727,151682757
9/2/2021,45624,32902345,355,439916,34665,32056085,1870515,566077177,5731580,513629300,2190759,153873516
9/3/2021,42667,32945012,342,440258,36422,32092507,1936633,568013810,4334831,517964131,1916163,155789679
9/4/2021,42607,32987619,309,440567,38087,32130594,1905343,569919153,4680717,522644848,2777599,158567278
9/5/2021,39537,33027156,218,440785,43922,32174516,1797044,571716197,1834832,524479680,1037164,159604442
9/6/2021,30164,33057320,290,441075,42946,32217462,1567539,573283736,8333991,532813671,3186781,162791223
9/7/2021,38135,33095455,368,441443,39101,32256563,1734741,575018477,5841955,538655626,2637984,165429207
9/8/2021,43401,33138856,339,441782,40620,32297183,1872903,576891380,6339180,544994806,2715230,168144437
9/9/2021,24151,33163007,258,442040,24397,32321580,1892363,578783743,4945992,549940798,2240560,170384997
9/10/2021,37875,33200882,310,442350,36671,32358251,1855757,580639500,4698307,554639105,2106795,172491792
9/11/2021,31288,33232170,338,442688,37886,32396137,1695991,582335491,4560538,559199643,3057152,175548944
9/12/2021,31441,33263611,219,442907,40699,32436836,1574617,583910108,3732702,562932345,1897175,177446119
9/13/2021,24414,33288025,340,443247,39815,32476651,1416219,585326327,5676447,568608792,2723989,180170108
9/14/2021,27502,33315527,281,443528,37993,32514644,1637064,586963391,4145961,572754753,2527669,182697777
9/15/2021,30355,33345882,432,443960,38353,32552997,1691296,588654687,3989458,576744211,2815038,185512815
9/16/2021,34653,33380535,318,444278,37888,32590885,1766206,590420893,3960154,580704365,2748453,188261268
9/17/2021,35354,33415889,285,444563,33833,32624718,1716658,592137551,13484893,594189258,9398018,197659286
9/18/2021,31130,33447019,306,444869,39652,32664370,1246159,593383710,4954519,599143777,4108294,201767580
9/19/2021,30828,33477847,296,445165,43217,32707587,1667788,595051498,2620323,601764100,1575490,203343070
9/20/2021,24907,33502754,251,445416,34470,32742057,1412300,596463798,5901387,607665487,4044296,207387366
9/21/2021,27338,33530092,385,445801,34160,32776217,1801440,598265238,4822024,612487511,3179721,210567087
9/22/2021,32010,33562102,280,446081,31997,32808214,1719562,599984800,4122739,616610250,3351305,213918392
9/23/2021,31411,33593513,318,446399,32510,32840724,1755519,601740319,4389348,620999598,3138406,217056798
9/24/2021,29565,33623078,291,446690,28049,32868773,1718615,603458934,4272481,625272079,3138653,220195451
9/25/2021,28169,33651247,259,446949,26021,32894794,1716712,605175646,3656200,628928279,3495940,223691391
9/26/2021,26999,33678246,276,447225,29625,32924419,1588139,606763785,2385173,631313452,1692115,225383506
9/27/2021,14907,33693153,181,447406,24251,32948670,1320268,608084053,6398341,637711793,4151110,229534616
9/28/2021,21898,33715051,375,447781,29944,32978614,1425186,609509239,3248889,640960682,2705858,232240474
9/29/2021,23166,33738217,313,448094,28726,33007340,1935781,611445020,3610156,644570838,3196782,235437256
9/30/2021,27285,33765502,278,448372,28204,33035544,1312764,612757784,3755304,648326142,2982125,238419381
10/1/2021,23918,33789420,233,448605,25460,33061004,1630487,614388271,4102655,652428797,3170607,241589988
10/2/2021,23189,33812609,242,448847,25938,33086942,1622582,616010853,3945993,656374790,3747611,245337599
10/3/2021,21644,33834253,182,449029,26724,33113666,1303147,617314000,1537368,657912158,1220145,246557744
10/4/2021,17101,33851354,263,449292,29645,33143311,1128272,618442272,3992260,661904418,3540705,250098449
10/5/2021,19044,33870398,276,449568,24761,33168072,1596901,620039173,3439059,665343477,2860132,252958581
10/6/2021,22605,33893003,316,449884,24610,33192682,1326823,621365996,2302801,667646278,2300402,255258983
10/7/2021,21474,33914477,277,450161,24959,33217641,1494743,622860739,2980158,670626436,2368122,257627105
10/8/2021,19868,33934345,247,450408,23066,33240707,1459253,624319992,4308463,674934899,3889323,261516428
10/9/2021,17931,33952276,213,450621,23595,33264302,1457229,625777221,3678207,678613106,3416454,264932882
10/10/2021,19020,33971296,193,450814,21583,33285885,1353880,627131101,2493634,681106740,2480564,267413446
10/11/2021,13184,33984480,177,450991,26573,33312458,1021020,628152121,3570769,684677509,3422641,270836087
10/12/2021,16023,34000503,229,451220,22846,33335304,529372,628681493,2796814,687474323,2604349,273440436
10/13/2021,19193,34019696,249,451469,19811,33355115,2293401,630974894,1783580,689257903,2057955,275498391
10/14/2021,16988,34036684,378,451847,19370,33374485,1289719,632264613,1462230,690720133,1754771,277253162
10/15/2021,16003,34052687,163,452010,17868,33392353,1069979,633334592,390875,691111008,547317,277800479
10/16/2021,14078,34066765,146,452156,19786,33412139,1164783,634499375,1719789,692830797,2492706,280293185
10/17/2021,14286,34081051,165,452321,19579,33431718,1191654,635691029,657279,693488076,700795,280993980
10/18/2021,12339,34093390,164,452485,19460,33451178,1103902,636794931,3725720,697213796,5095681,286089661
10/19/2021,14935,34108325,199,452684,19445,33470623,1259262,638054193,2027691,699241487,2485181,288574842
10/20/2021,18382,34126707,160,452844,17568,33488191,1138711,639192904,4190148,703431635,2731177,291306019
10/21/2021,15774,34142481,232,453076,18642,33506833,1480818,640673722,3717780,707149415,3648725,294954744
10/22/2021,16327,34158808,666,453742,17636,33524469,1353735,642027457,3026536,710175951,4097032,299051776
10/23/2021,16079,34174887,559,454301,16509,33540978,1311904,643339361,3319949,713495900,4694717,303746493
10/24/2021,14654,34189541,442,454743,18608,33559586,1329505,644668866,754419,714250319,915218,304661711
10/25/2021,11852,34201393,357,455100,16102,33575688,1080822,645749688,2698347,716948666,3989877,308651588
10/26/2021,13499,34214892,584,455684,14012,33589700,1269373,647019061,2371650,719320316,3552808,312204396
10/27/2021,16351,34231243,734,456418,17077,33606777,1411966,648431027,1939426,721259742,3234870,315439266
10/28/2021,14307,34245550,805,457223,13189,33619966,1403929,649834956,2948586,724208328,4752068,320191334
10/29/2021,14215,34259765,551,457774,13549,33633515,1796470,651631426,2494339,726702667,3618157,323809491
10/30/2021,12940,34272705,445,458219,14672,33648187,1420811,653052237,2680985,729383652,4445123,328254614
10/31/2021,12907,34285612,251,458470,13152,33661339,1320620,654372857,750410,730134062,933460,329188074
