district,state,POPULATION ,date,dose_1,dose_2,confirmed,deceased,recovered,tested
Nuapada,OR,606490,17/05/20,402248,129685,22924,84,22803,310
Boudh,OR,439917,17/05/20,259325,92297,12634,112,12488,496
Lahaul and Spiti,HP,31528,31/10/20,31920,20986,2953,18,2935,540
Rayagada,OR,961959,17/05/20,549767,184420,20224,167,19981,578
Deogarh,OR,312164,17/05/20,223405,63727,6553,50,6460,682
Gajapati,OR,575880,17/05/20,288963,115535,9657,84,9555,715
Narayanpur,CT,140206,14/06/20,53032,19468,4019,14,4005,804
Kiphire,NL,74033,11/12/20,13017,8141,258,9,246,1002
Nayagarh,OR,962215,17/05/20,593612,222606,23505,212,23261,1104
Dakshin Bastar Dantewada,CT,533638,14/06/20,158243,80855,10840,25,10809,1168
Longleng,NL,50593,11/12/20,20577,15446,307,2,286,1193
Bijapur,CT,229832,14/06/20,103247,44245,8324,55,8263,1239
Kamle,AR,22256,28/01/21,6946,3874,512,0,512,1385
Wokha,NL,166239,11/12/20,35138,23577,402,11,361,1390
Koraput,OR,1376934,17/05/20,860773,399063,19137,78,19044,1401
Kalahandi,OR,1573054,17/05/20,921185,304778,24314,210,24082,1458
Dhamtari,CT,799199,14/06/20,509782,224591,27239,545,26690,1501
Kandhamal,OR,731952,17/05/20,384009,150737,11537,83,11453,1516
Kondagaon,CT,578326,14/06/20,317695,100468,13139,99,13036,1607
Jharsuguda,OR,579499,17/05/20,399523,189682,23863,176,23673,1663
Sukma,CT,249000,14/06/20,134654,81437,8066,20,8041,1723
Surajpur,CT,660280,14/06/20,419247,163526,29029,224,28805,1830
Malkangiri,OR,612727,17/05/20,391790,137925,11667,49,11613,1841
Upper Dibang Valley,AR,7948,28/01/21,4156,2603,337,2,335,1910
Sambalpur,OR,1044410,17/05/20,768989,418110,31651,240,31315,2007
Uttar Bastar Kanker,CT,748593,14/06/20,405744,171484,23636,224,23407,2051
Gariaband,CT,597653,14/06/20,293987,99137,19701,194,19506,2096
Zunheboto,NL,141014,11/12/20,38077,22337,623,15,593,2131
Shi Yomi,AR,13310,28/01/21,6910,5663,262,0,261,2169
Mahasamund,CT,1032275,14/06/20,738333,428365,31365,365,31000,2183
Jashpur,CT,852043,14/06/20,435884,182747,27093,212,26867,2542
Koriya,CT,659039,14/06/20,375503,128177,26980,177,26798,2689
Balod,CT,826165,14/06/20,537459,271570,27278,396,26880,2749
Phek,NL,163294,11/12/20,31241,20746,601,18,568,2779
Kabeerdham,CT,584667,14/06/20,402362,173494,22771,267,22503,2829
Anjaw,AR,21089,28/01/21,11695,7957,1068,3,1065,2845
Jamtara,JH,790207,21/07/20,381155,137216,5599,61,5534,2880
Mungeli,CT,701707,14/06/20,282508,109857,23921,167,23753,2922
Bametara,CT,197035,14/06/20,405388,132925,19963,236,19726,3113
Kra Daadi,AR,6567,28/01/21,6275,3272,270,0,270,3218
Mayurbhanj,OR,2513895,17/05/20,1222153,413698,40844,286,40416,3307
Pakke Kessang,AR,6790,28/01/21,8004,4998,453,0,453,3327
Anuppur,MP,749521,19/09/20,481238,164712,9238,89,9140,3424
Dindori,MP,704218,08/07/20,481366,186341,4623,29,4588,3557
Baloda Bazar,CT,1305343,14/06/20,617777,211945,43085,471,42611,3816
Khunti,JH,530299,29/07/20,227503,107053,7820,96,7724,3852
Mokokchung,NL,193171,11/12/20,69198,54730,2333,54,2186,3976
Janjgir Champa,CT,1620632,14/06/20,896087,317605,57636,838,56766,4016
Kurung Kumey,AR,89717,28/01/21,9121,5601,511,1,510,4201
Siang,AR,31920,28/01/21,14408,9068,411,3,408,4270
Chitradurga,KA,1660378,28/06/20,1020280,618156,36666,206,36412,4393
Bastar,CT,1302253,23/05/20,443759,178775,21066,188,20845,4522
Sidhi,MP,1126515,26/07/20,679862,226632,9219,87,9132,4660
Tuensang,NL,414801,11/12/20,38130,26725,1094,12,1077,4887
Durg,CT,3343079,14/06/20,1012391,525445,96880,1798,95028,5020
Sahibganj,JH,1150038,23/07/20,430948,132560,4834,42,4792,5029
Chamarajanagara,KA,1020962,28/06/20,647951,351940,33001,500,32469,5156
Dumka,JH,1321096,23/07/20,638722,229944,4636,47,4589,5400
Chikkamagaluru,KA,1137753,28/06/20,737417,346002,51126,395,50662,5467
Peren,NL,163294,11/12/20,19956,12514,920,6,897,5717
Cuttack,OR,2618708,17/05/20,1434524,702278,94631,857,93404,5720
Upper Subansiri,AR,83205,28/01/21,24842,16390,1958,6,1952,6217
Pakur,JH,899200,23/07/20,378048,108941,2552,12,2539,6429
Upper Siang,AR,35289,28/01/21,18594,13671,1016,1,1015,6564
Kinnaur,HP,84298,19/12/20,79673,63209,3507,38,3465,6730
Lepa Rada,AR,13769,28/01/21,13328,10176,874,3,871,6747
Hingoli,MH,1178973,03/08/20,537442,201000,18475,506,17949,6797
Deoghar,JH,1491879,23/07/20,569167,230458,10835,113,10721,6951
Lower Siang,AR,80597,28/01/21,16565,9990,738,8,730,7070
East Kameng,AR,78413,28/01/21,22931,15646,1094,0,1094,7489
Lohardaga,JH,461738,25/07/20,173109,63130,6709,88,6621,7526
Perambalur,TN,564511,23/07/20,326872,136491,12067,243,11790,7981
Diu,DN,52074,20/10/20,38779,31153,1218,0,1218,8259
Koppal,KA,1391292,28/06/20,814373,411092,35198,521,34660,8708
Gadag,KA,1065235,28/06/20,691646,328477,26066,319,25747,8904
Balaghat,MP,1701156,19/08/20,1278183,549643,9100,64,9017,9654
Balasore,OR,2317419,17/05/20,1351099,534318,40787,299,40389,9843
Korba,CT,1206563,14/06/20,650457,287588,54847,580,54228,10034
Longding,AR,60000,28/01/21,19259,7826,752,2,749,10342
Lower Subansiri,AR,82839,28/01/21,26916,18827,3036,15,3015,10564
Hassan,KA,1776221,28/06/20,1224599,614828,111785,1256,110294,10800
Godda,JH,1311382,23/07/20,527710,198198,5840,87,5753,10980
Ahmednagar,MH,4543083,19/07/20,2468837,881402,339457,7043,330122,11077
Giridih,JH,2445203,23/07/20,994417,301193,8964,130,8834,11132
Jind,HR,1332042,13/07/20,704573,250859,21209,533,20675,11157
Kaithal,HR,1072861,13/07/20,615168,217439,11244,346,10898,11687
Haveri,KA,1598506,28/06/20,999178,383705,21947,644,21301,11714
Bokaro,JH,2061918,23/07/20,994497,333330,19461,286,19170,11798
Aurangabad,MH,3695928,30/05/20,1772420,723304,155331,4251,150615,11800
Gadchiroli,MH,1071795,23/07/20,540319,231208,30440,669,29735,11993
Kullu,HP,437474,29/09/20,351261,203549,9692,158,9496,12012
Lower Dibang Valley,AR,53986,28/01/21,32639,22089,2426,11,2397,12169
Mon,NL,259604,11/12/20,70054,48331,1159,14,1124,12278
Azamgarh,UP,4616509,27/12/20,2165409,643824,17906,228,17675,12474
Raipur,CT,4062160,14/06/20,1557999,915437,158035,3139,154852,12704
Burhanpur,MP,756993,18/08/20,493618,220909,2568,39,2529,13040
West Siang,AR,112272,28/01/21,33773,27867,1868,6,1856,13192
Churachandpur,MN,271274,23/09/20,104247,62208,0,0,0,13542
Uttara Kannada,KA,1353299,28/06/20,980496,505589,56218,766,55339,13833
Tawang,AR,49950,28/01/21,29553,23287,2577,20,2533,14224
Krishnagiri,TN,1883731,23/07/20,1040491,407695,43570,348,43036,14284
Tirap,AR,111997,28/01/21,31565,21200,1109,5,1102,14657
Mandya,KA,1808680,28/06/20,1189318,659066,73753,650,73029,14874
Lohit,AR,145538,28/01/21,31120,22003,2885,26,2851,14945
Seoni,MP,1378876,19/09/20,945564,341871,6775,28,6739,15024
Chikkaballapura,KA,1254377,28/06/20,852473,497674,43951,429,43501,15089
Damoh,MP,1263703,19/09/20,844557,326505,8120,186,7841,16564
Khandwa,MP,1309443,24/08/20,862885,310248,4044,94,3946,17090
Karur,TN,1076588,23/07/20,626136,289120,24091,356,23523,17190
Davanagere,KA,1946905,28/06/20,1016827,495371,50989,608,50359,17483
Nicobars,AN,36842,,25394,20313,0,0,0,18052.58
Shahdol,MP,1064989,19/09/20,723227,337272,10085,118,9958,18177
Ariyalur,TN,752481,23/07/20,475390,157166,16854,261,16548,18285
Daman,DN,191173,20/10/20,234202,155547,3543,1,3516,19338
Namsai,AR,95950,28/01/21,63539,47104,2124,17,2102,19987
Ranipet,TN,1210277,23/07/20,557267,174051,43436,775,42557,20118
Pudukkottai,TN,1918725,23/07/20,827320,314780,30183,416,29627,20835
Nagapattinam,TN,1614069,23/07/20,813495,289588,21074,346,20561,20984
Raichur,KA,1924773,28/06/20,1021603,448501,39973,331,39641,21011
North Sikkim,SK,43354,,33137,27820,0,0,0,21243.46
Jiribam,MN,43818,,27911,17262,0,0,0,21470.82
Lalitpur,UP,1218002,07/08/20,627553,143519,12742,128,12613,21781
East Siang,AR,99019,28/01/21,54001,39434,3206,17,3183,21867
Kamjong,MN,45616,,10502,5370,0,0,0,22351.84
Niwari,MP,46069,29/11/20,0,0,3715,48,3654,22574
Rewa,MP,2363744,18/08/20,1639826,674779,16433,155,16270,22690
Pherzawl,MN,47250,,12417,9888,0,0,0,23152.5
Ramanathapuram,TN,1337560,23/07/20,660673,280037,20564,357,20158,23389
Faridkot,PB,618008,02/09/20,330654,128653,13927,315,13602,23635
Changlang,AR,147951,28/01/21,88857,55361,3807,22,3780,23861
Tirupathur,TN,1111812,23/07/20,541496,205219,29301,625,28600,23998
Khowai,TR,327391,02/02/21,202148,111955,4559,54,4500,24046
Udalguri,AS,832769,16/09/20,504439,133919,0,0,0,24661
Namakkal,TN,1721179,23/07/20,987830,397079,52245,498,51253,24758
Vijayapura,KA,2175102,28/06/20,1535235,634270,36267,495,35764,25108
Sivaganga,TN,1341250,23/07/20,726010,287468,20195,206,19854,25824
Rohtak,HR,1058683,13/07/20,674649,305282,25903,534,25350,25894
Tenkasi,TN,1407627,23/07/20,736882,233177,27357,484,26834,26338
Yanam,PY,55626,27/01/21,30079,15489,6773,107,6661,26727
Mansa,PB,768808,02/09/20,372366,89830,15606,380,15226,26878
Fatehabad,HR,941522,29/08/20,574546,201763,17875,481,17394,27456
Saiha,MZ,56366,,34626,19984,5469,14,5304,27619.34
Dindigul,TN,2161367,23/07/20,1236504,493453,33099,645,32348,27800
West Kameng,AR,87013,28/01/21,55710,40321,3545,14,3518,28155
Satna,MP,2228619,19/09/20,1532585,481540,11965,133,11829,28159
Kallakurichi,TN,1370281,23/07/20,696213,299822,31364,210,31056,28314
Virudhunagar,TN,1943309,23/07/20,1072788,505098,46294,548,45687,28620
Pathankot,PB,626154,02/09/20,424889,196822,18814,419,18373,29112
Sheopur,MP,687952,29/11/20,413195,140296,4000,78,3919,31449
Ujjain,MP,1986864,19/09/20,1452247,836514,18903,172,18720,31631
Serchhip,MZ,64875,,41932,36047,4210,10,3646,31788.75
Dang,GJ,226769,02/02/21,156334,59262,866,18,848,31921
Shimla,HP,813384,19/12/20,678341,412640,27549,641,26786,32922
Kohima,NL,270063,11/12/20,105758,82602,9461,123,9095,33986
Unokoti,TR,277335,02/02/21,173390,101178,8609,68,8530,34930
Tiruppur,TN,2471222,23/07/20,1671392,611015,95405,979,93683,36301
Cuddalore,TN,2600880,23/07/20,1529591,646400,64085,867,62997,36434
Harda,MP,570302,02/12/20,394641,159293,5055,96,4954,36708
Kargil,LA,143000,14/01/21,87221,64300,3619,58,3556,37471
Kancheepuram,TN,1166401,23/07/20,663206,250181,74970,1258,73386,37505
Nandurbar,MH,1646177,12/12/20,723850,342054,40006,948,39054,37740
Khargone,MP,1872413,19/09/20,1147444,411114,13970,239,13716,38413
Kapurthala,PB,817668,02/09/20,465285,187476,17852,556,17294,38658
Bilaspur,HP,382056,19/12/20,323204,234916,14374,85,14120,39738
Guna,MP,1240938,04/12/20,821399,284155,5132,44,5085,40229
Datia,MP,786375,04/12/20,560238,296233,6959,78,6874,40322
Kolasib,MZ,83054,,50525,33101,7721,30,7561,40696.46
S.A.S. Nagar,PB,986147,02/09/20,872096,402212,68821,1068,67726,41532
Barwani,MP,1385659,19/11/20,788872,225336,8366,90,8267,41588
Mandi,HP,999518,19/12/20,775242,479355,31606,448,30983,41895
Papum Pare,AR,176385,28/01/21,141168,100258,18316,98,18212,41960
Mamit,MZ,85757,,43678,28873,4854,12,4448,42020.93
Mahe,PY,41816,27/01/21,34018,25943,5867,47,5744,42415
Sirmaur,HP,530164,19/12/20,423793,209631,15456,211,15244,42564
Tikamgarh,MP,1444920,29/11/20,919592,293885,6863,114,6742,43011
Raisen,MP,1331699,29/11/20,885585,333022,9238,194,9030,44343
Bhind,MP,1703562,16/11/20,1034374,351065,2995,32,2960,44395
Dadra and Nagar Haveli,DN,343709,20/10/20,387772,183553,5920,3,5910,44813
Sehore,MP,1311008,29/11/20,909045,396375,10136,73,10057,45061
Nilgiris,TN,735071,23/07/20,501986,343811,33566,212,33164,45839
Theni,TN,1243684,23/07/20,660187,304832,43571,521,43018,45839
Baran,RJ,1223921,01/02/21,763006,297741,11996,61,11934,46168
Hoshangabad,MP,1240975,04/12/20,865566,369945,10688,99,10570,46294
Rajgarh,MP,1546541,04/12/20,1025584,450099,8729,172,8490,46604
Jagatsinghpur,OR,1136604,15/09/20,677675,272499,27920,316,27510,46648
Dimapur,NL,379769,11/12/20,268405,175502,14684,421,13471,47020
Shivpuri,MP,1725818,19/11/20,1109976,391707,12398,125,12261,47270
Gomati,TR,436868,02/02/21,279099,161408,8134,74,8043,47437
Vellore,TN,1614242,23/07/20,763735,336366,49864,1131,48564,47936
Shivamogga,KA,1755512,21/08/20,1162073,535447,69444,1088,68239,48760
Banswara,RJ,1798194,01/02/21,1024293,525793,10005,104,9901,48781
Thoothukkudi,TN,1738376,23/07/20,984706,328797,56304,409,55757,49288
Bagalkote,KA,1890826,23/08/20,1188016,613422,35178,333,34843,49851
Chhatarpur,MP,1762857,09/12/20,1093616,336309,7609,91,7506,50518
Ratlam,MP,1454483,29/11/20,1026416,457972,17860,385,17438,51736
North and Middle Andaman,AN,105597,,78945,59522,0,0,0,51742.53
Chengalpattu,TN,2556244,23/07/20,1337641,604784,171777,2506,168327,51771
Viluppuram,TN,2093003,23/07/20,1085842,444502,45857,356,45382,52064
Jhabua,MP,1024091,04/12/20,607542,185320,7691,64,7619,52146
Wardha,MH,1296157,31/10/20,755863,314899,57344,1217,55956,52365
Rudraprayag,UT,236857,30/01/21,170911,113480,8800,106,8535,52378
Mandsaur,MP,1339832,04/12/20,948065,330902,8637,84,8552,52733
Una,HP,521057,19/12/20,434945,286819,14268,253,13804,52905
Sipahijala,TR,484233,02/02/21,330932,211903,6360,75,6273,53067
Chamba,HP,518844,19/12/20,364258,198146,13687,160,13492,53505
Jajpur,OR,1826275,23/08/20,1087735,383313,43735,172,43461,53956
South West Khasi Hills,ML,110152,,33372,17117,2548,17,2525,53974.48
Bhandara,MH,1198810,11/10/20,825867,421585,60080,1123,58945,54195
Tirunelveli,TN,1665253,23/07/20,815687,275985,49374,432,48812,54208
Umaria,MP,643579,19/11/20,455492,196492,6294,63,6224,54811
Bageshwar,UT,259840,30/01/21,183447,131244,5764,60,5678,55626
Ashoknagar,MP,844979,31/01/21,550087,186066,3670,57,3613,55792
Shajapur,MP,1512353,01/02/21,620316,278912,6349,74,6273,56805
Katni,MP,1291684,18/12/20,865274,306259,9366,120,9242,56828
Solan,HP,576670,19/12/20,691163,339630,22817,314,22472,57200
Neemuch,MP,825958,04/12/20,579489,229183,7926,84,7828,57292
Lawngtlai,MZ,117444,,55877,25870,6740,23,6553,57547.56
North Garo Hills,ML,118325,,62675,28288,1685,8,1674,57979.25
Bundi,RJ,1113725,01/02/21,709316,362835,7967,48,7919,58167
Charkhi Dadri,HR,502276,28/10/20,364599,262184,5078,139,4939,58525
Panipat,HR,1202811,06/10/20,830805,273172,31150,638,30510,58863
East Jaintia Hills,ML,122436,,64432,33259,2430,31,2395,59993.64
Champhai,MZ,125370,,74122,55251,5188,11,4745,61431.3
Dhalai,TR,377988,02/02/21,258334,164654,7037,35,7000,61582
Dausa,RJ,1637226,01/02/21,941513,395584,13351,62,13289,61680
Dhar,MP,2184672,02/12/20,1371226,536214,12572,130,12388,62597
Barnala,PB,596294,20/12/20,328464,104197,5950,244,5696,63447
Fazilka,PB,1180483,10/12/20,490080,131519,20271,528,19729,63589
Karauli,RJ,1458459,01/02/21,813922,395700,7156,70,7086,64481
Sagar,MP,2378295,19/09/20,1563245,760746,16622,390,16154,64801
Vidisha,MP,1458212,04/12/20,975291,349024,11922,237,11677,65935
Erode,TN,2259608,23/07/20,1370925,552624,104303,686,102836,66240
Kakching,MN,135481,,84702,49653,0,0,0,66385.69
West Sikkim,SK,136299,,103619,88896,0,0,0,66786.51
Thiruvarur,TN,1268094,23/07/20,630274,246969,41461,442,40760,67445
Thanjavur,TN,2402781,23/07/20,1224986,486660,75352,972,73874,67445
Bidar,KA,1700018,29/08/20,929776,515993,24340,400,23936,67689
Thiruvallur,TN,3725697,23/07/20,1425728,563426,119370,1842,117138,67948
Sri Muktsar Sahib,PB,902702,12/12/20,473193,142901,18784,524,18257,67979
Betul,MP,1575247,31/01/21,1042931,343674,12905,277,12590,68036
Fatehgarh Sahib,PB,599814,20/12/20,354921,135247,8876,335,8538,68436
Tamenglong,MN,140143,,19931,10361,0,0,0,68670.07
South Garo Hills,ML,142574,,40103,18937,1216,12,1203,69861.26
Chandel,MN,144028,,26634,15197,0,0,0,70573.72
South Sikkim,SK,146742,,121481,105432,0,0,0,71903.58
Leh,LA,147000,14/01/21,121577,87980,17343,150,17131,72597
Pithoragarh,UT,485993,30/01/21,318644,183765,10260,181,9962,72686
Karaikal,PY,200222,27/01/21,111152,57491,16488,250,16150,73142
Tonk,RJ,1421711,01/02/21,884688,419023,9498,92,9406,74225
Ferozepur,PB,2026831,20/12/20,476343,128043,14347,504,13832,74880
Lunglei,MZ,154094,,95129,73298,9842,27,9053,75506.06
Narmada,GJ,590379,02/02/21,413260,279684,5955,15,5940,76134
Tiruvannamalai,TN,2468965,23/07/20,1270049,533376,54968,667,54122,76170
Moga,PB,992289,20/12/20,541556,178908,8675,233,8440,77307
Shahid Bhagat Singh Nagar,PB,614362,20/12/20,392113,172294,11469,388,11080,77715
Chhindwara,MP,2090306,31/01/21,1624355,591843,6734,120,6612,79090
Kanyakumari,TN,1863178,23/07/20,1100888,450620,62362,1048,61112,79600
Salem,TN,3480008,23/07/20,1925084,791376,99893,1685,97619,79660
Jaisalmer,RJ,672008,01/02/21,416014,194163,13639,66,13573,80082
Devbhumi Dwarka,GJ,752484,02/02/21,504501,309771,4175,82,4093,80424
Ganganagar,RJ,1969520,01/02/21,1278952,525137,19354,150,19203,80706
Majuli,AS,167304,,117599,82507,0,0,0,81978.96
Hanumangarh,RJ,1779650,01/02/21,1230511,588688,16053,111,15942,82542
Fatehpur,UP,2632684,10/01/21,1246314,410120,6814,139,6674,82928
South Tripura,TR,433737,02/02/21,303987,209259,10168,53,10104,83030
Almora,UT,621927,30/01/21,378242,215715,12190,196,11378,84443
South West Garo Hills,ML,172495,,73397,39210,1872,17,1852,84522.55
Sirohi,RJ,1037185,01/02/21,610090,348789,13732,79,13653,84616
Sawai Madhopur,RJ,1338114,01/02/21,756544,347992,10618,61,10557,84683
Udupi,KA,1177908,13/09/20,919074,529427,76718,489,76181,86092
Balangir,OR,1648574,11/10/20,960786,299153,23397,126,23257,87867
Amritsar,PB,2490891,02/09/20,1263073,446487,47379,1598,45757,89227
Ukhrul,MN,183115,,22193,14759,0,0,0,89726.35
Dhule,MH,2048781,11/10/20,1007007,476051,46172,654,45501,90092
Chamoli,UT,391114,30/01/21,273850,191420,12242,62,11972,90390
Narsinghpur,MP,1092141,30/01/21,803225,318284,11209,81,11115,90600
Morena,MP,1965137,01/02/21,1295658,582833,8236,95,8135,90967
Kolar,KA,1540231,14/10/20,991957,625918,46916,638,46266,91924
Rajsamand,RJ,1158283,01/02/21,691497,299553,17044,169,16875,91975
Tapi,GJ,806489,02/02/21,527345,303297,4441,24,4417,92524
Tiruchirappalli,TN,2713858,07/08/20,1468456,636356,77534,1059,76038,92586
Nuh,HR,1089406,01/11/20,354422,78081,5014,123,4890,93389
Chhota Udaipur,GJ,1071831,02/02/21,635695,420157,3395,38,3357,93838
Kangra,HP,1507223,19/12/20,1182563,725754,50818,1125,48872,94910
Champawat,UT,259315,30/01/21,183354,119870,7603,53,7358,95068
Dewas,MP,1563107,31/01/21,1005266,477219,7723,51,7672,96155
Pune,MH,9426959,12/01/21,7843130,4264808,1154776,19594,1131401,97127
Jhalawar,RJ,1411327,01/02/21,922646,363082,13612,187,13425,97163
Madurai,TN,3991038,23/07/20,1500331,583138,75215,1172,73853,97279
Rupnagar,PB,683349,20/12/20,384637,182919,12963,423,12517,97745
Porbandar,GJ,586062,02/02/21,419364,256377,3486,19,3467,97912
Botad,GJ,656005,02/02/21,378232,228691,2218,42,2176,98559
Pratapgarh,UP,3173752,14/01/21,1480021,456869,16038,163,15875,100500
North Tripura,TR,415946,02/02/21,283802,190594,7250,34,7199,100931
Arwal,BR,700843,31/01/21,345175,116424,7381,74,7307,101624
Coimbatore,TN,3472578,23/07/20,2717202,1205484,246780,2416,243070,102107
Ramanagara,KA,1082739,25/11/20,754463,469335,24204,320,23869,103399
Surguja,CT,420661,18/11/20,468885,277031,33673,245,33426,103578
Dima Hasao,AS,213529,,116318,62593,0,0,0,104629.21
Tehri Garhwal,UT,616409,30/01/21,381493,206527,15835,108,14827,105111
Tumakuru,KA,2681449,24/09/20,1672730,881580,120836,1127,119420,106564
Auraiya,UP,1372287,10/01/21,614711,180775,10090,203,9887,107079
Mysuru,KA,2994744,31/08/20,2141764,1239770,179167,2416,176447,107338
Osmanabad,MH,1660311,07/01/21,803192,308210,67828,1963,65577,109450
Parbhani,MH,1835982,30/01/21,905874,378183,52362,1233,51078,110937
Tarn Taran,PB,1120070,18/12/20,597303,178839,8043,380,7659,111446
Beed,MH,2585962,11/10/20,1145382,485615,103749,2806,100803,111488
Kishtwar,JK,230696,,164754,78041,4819,44,4773,113041.04
Barmer,RJ,2604453,01/02/21,1455732,621465,15563,185,15377,113868
Capital Complex,AR,235122,24/12/20,0,0,0,0,0,115210
Buldhana,MH,2588039,30/01/21,1136679,512944,85520,797,84710,115874
Chittorgarh,RJ,1544392,01/02/21,978713,482350,19809,139,19670,116002
South Andaman,AN,238142,,189662,120322,0,0,0,116689.58
Jalna,MH,1958483,30/01/21,1081253,413822,60615,1209,59382,117047
Nanded,MH,3356566,03/11/20,1560558,560812,90409,2658,87721,117319
Bishnupur,MN,240363,,128902,64791,0,0,0,117777.87
Bathinda,PB,1388859,20/12/20,623604,202311,41728,1042,40668,118489
Panchkula,HR,558890,05/12/20,456675,279951,30770,378,30379,118725
Bhadohi,UP,1554203,31/01/21,793094,244431,7720,163,7557,119023
Uttarkashi,UT,329686,30/01/21,234425,160687,12548,74,12129,120026
Dholpur,RJ,1207293,01/02/21,660103,279501,11010,48,10962,121308
Dungarpur,RJ,1388906,01/02/21,737200,349762,18407,131,18276,121917
Gir Somnath,GJ,1217477,02/02/21,845224,363467,8570,67,8499,121948
Aravalli,GJ,1051746,02/02/21,717964,522361,5186,78,5108,122182
Mahisagar,GJ,994624,02/02/21,815594,459520,8194,72,8122,122796
Ambedkar Nagar,UP,2398709,31/01/21,1135268,349925,5040,152,4885,123151
Kalimpong,WB,251642,,180713,124420,7036,54,6950,123304.58
Jhunjhunu,RJ,2139658,01/02/21,1449967,787196,14811,158,14653,123433
Kannauj,UP,1658005,10/01/21,755119,257048,9231,114,9115,124019
Rajnandgaon,CT,1537520,09/11/20,1028876,530711,56077,515,55557,124947
Ribhoi,ML,258380,,92049,48460,9697,89,9584,126606.2
Navsari,GJ,1330711,02/02/21,948673,647484,7215,24,7181,129099
Gondia,MH,1322331,29/01/21,888961,469980,40519,569,39941,130146
Shopiyan,JK,265960,,203036,95122,5607,58,5549,130320.4
Dakshina Kannada,KA,2083625,17/09/20,1531107,848253,115478,1680,113515,131281
Churu,RJ,2041172,01/02/21,1301558,582443,16720,107,16613,131700
West Jaintia Hills,ML,270352,,84529,47646,6803,133,6642,132472.48
Dharwad,KA,1846993,13/10/20,1212295,561504,60970,1315,59639,137696
East Sikkim,SK,281293,,263526,229361,0,0,0,137833.57
Ramban,JK,283313,,220690,147086,6043,67,5971,138823.37
Pauri Garhwal,UT,686527,30/01/21,431320,229262,17686,315,16668,138878
Pulwama,JK,570060,01/01/21,430622,244300,15512,194,15309,139552
Palwal,HR,1040493,30/01/21,608874,221786,11025,153,10872,139809
Yavatmal,MH,2775457,29/01/21,1211321,496306,75967,1798,74159,141551
Sheikhpura,BR,634927,31/01/21,287209,95322,7693,75,7618,142348
Mahoba,UP,876055,10/01/21,444352,148388,4268,86,4182,142992
Mahendragarh,HR,921680,30/01/21,576527,264911,21689,155,21534,143253
Kodagu,KA,554762,31/01/21,385482,212033,37095,329,36616,143982
Mulugu,TG,294671,,186104,76648,0,0,0,144388.79
Ganderbal,JK,297003,,227349,133812,10436,79,10313,145531.47
West Karbi Anglong,AS,300320,,127612,42942,0,0,0,147156.8
Barabanki,UP,3257983,30/01/21,1589704,448292,19850,225,19624,147422
Khagaria,BR,1657599,04/10/20,775019,222012,10064,88,9976,148340
Bhilwara,RJ,2410459,01/02/21,1525323,723691,29781,156,29625,148764
Sirsa,HR,1295114,06/12/20,786205,278920,29282,508,28771,150193
Rewari,HR,896129,30/01/21,648724,294989,20327,221,20106,151363
Reasi,JK,314714,,244379,133971,6626,43,6575,154209.86
Valsad,GJ,1703068,02/02/21,1232139,704675,6405,53,6308,155380
East Garo Hills,ML,317618,,47655,20648,1867,13,1844,155632.82
Bharuch,GJ,1550822,02/02/21,1217587,669742,11426,118,11308,156057
Samba,JK,318611,,280700,122554,7152,120,7032,156119.39
Morbi,GJ,960329,02/02/21,674000,308840,6502,87,6415,157321
Panchmahal,GJ,2388267,02/02/21,1105110,626003,11770,70,11700,160981
Muzaffarnagar,UP,4138605,25/01/21,1264005,467387,31009,269,30737,161704
Saraikela-Kharsawan,JH,1063458,13/12/20,505417,167980,7207,67,7137,161796
Nabarangapur,OR,1218762,25/01/21,675601,188457,23549,86,23461,162154
Dharmapuri,TN,1502900,22/12/20,770955,279901,28425,274,27957,163803
Sikar,RJ,2677737,01/02/21,1838263,821713,30618,335,30283,165042
Sangrur,PB,1654408,19/12/20,730511,218820,15762,875,14884,166332
Patan,GJ,1342746,02/02/21,850462,533438,11624,129,11495,169059
Anand,GJ,2090276,02/02/21,1471865,935893,9637,49,9581,171851
Angul,OR,1271703,27/01/21,786278,291800,43920,393,43506,172873
Puri,OR,1697983,01/12/20,1078666,523160,45431,459,44903,173340
Senapati,MN,354772,,28247,18288,0,0,0,173838.28
Bhiwani,HR,1629109,30/01/21,741251,317765,22409,652,21757,176225
Pali,RJ,2038533,01/02/21,1200554,513058,27324,287,27037,179463
Dhenkanal,OR,1192948,31/01/21,738406,282859,19871,243,19598,179477
Sabarkantha,GJ,2427346,02/02/21,1000517,596705,9317,157,9159,182090
Jalore,RJ,1830151,01/02/21,987519,393953,10067,72,9995,184172
Karnal,HR,1506323,30/01/21,1000120,451876,40037,552,39484,185147
Jhajjar,HR,956907,30/11/20,684511,293496,18849,328,18514,186853
Bandipora,JK,385099,,303665,154345,9814,102,9693,188698.51
West Khasi Hills,ML,385601,,77018,43000,5457,71,5330,188944.49
Yamunanagar,HR,1214162,30/01/21,831598,340196,24631,414,24215,196131
Aizawl,MZ,404054,,315706,239593,75111,300,71337,197986.46
Mathura,UP,2541894,29/01/21,1207578,418117,20297,402,19893,198379
Kurukshetra,HR,964231,29/01/21,610380,248125,22147,357,21789,198881
Sheohar,BR,656916,16/11/20,300967,108766,4404,36,4368,199431
Junagadh,GJ,2742291,02/02/21,1316479,733025,20505,272,20226,199699
Chandrapur,MH,2194262,30/01/21,1335017,458690,88968,1560,87387,199809
Doda,JK,409576,,313983,158751,7869,133,7704,200692.24
Surendranagar,GJ,1755873,02/02/21,1113845,715931,8121,136,7985,201153
Bharatpur,RJ,2549121,01/02/21,1351114,590401,19601,260,19341,201441
West Tripura,TR,917534,02/02/21,676784,470030,32351,420,31817,202939
Nainital,UT,955128,30/01/21,722854,398680,39232,944,38140,204422
Ambala,HR,1136784,30/01/21,873020,571772,30150,509,29639,206003
Thoubal,MN,420517,,141308,62279,0,0,0,206053.33
Gwalior,MP,2030543,04/12/20,1452149,730150,53106,633,52427,206696
Kaushambi,UP,1596909,14/01/21,760960,218775,4424,70,4353,207064
Kulgam,JK,422786,,401091,202260,11489,117,11367,207165.14
Chandauli,UP,1952713,31/01/21,939599,238646,16208,356,15852,211249
Wayanad,KL,816558,01/01/21,659451,436359,125732,518,121295,211953
Amreli,GJ,1513614,02/02/21,927389,551970,10810,102,10708,212265
Begusarai,BR,2954367,26/09/20,1430906,480982,27212,457,26754,213670
Kheda,GJ,2298934,02/02/21,1454344,893742,10439,48,10391,218140
Dahod,GJ,2126558,02/02/21,1499052,631818,9955,38,9917,218259
Banaskantha,GJ,3116045,02/02/21,2140492,1157901,13631,162,13469,218527
Araria,BR,2806200,03/10/20,1177154,395227,14978,116,14859,219221
Hoshiarpur,PB,1582793,20/12/20,1000636,574716,30822,986,29828,221261
Yadgir,KA,1172985,31/01/21,708887,348094,27545,207,27337,221485
Shrawasti,UP,1114615,31/01/21,515155,181654,4388,35,4353,221566
Jalaun,UP,1670718,10/01/21,819651,251406,11687,202,11482,221719
Imphal East,MN,452661,,251626,148953,0,0,0,221803.89
Budaun,UP,3712738,23/01/21,1408673,364360,14941,98,14843,224207
Hardoi,UP,4091380,30/01/21,1852490,537647,13755,349,13406,224784
Palakkad,KL,2810892,19/10/20,1989222,950909,373839,2881,364351,226562
Mainpuri,UP,1847194,31/01/21,860461,219990,10028,182,9846,228496
Nagaur,RJ,3309234,01/02/21,2077555,1016874,17737,177,17560,229822
Mehsana,GJ,2027727,02/02/21,1405786,869969,24419,177,24242,229904
Farrukhabad,UP,1887577,10/01/21,833824,229745,10348,194,10153,231856
Punch,JK,476820,,386098,234540,6482,98,6371,233641.8
Chitrakoot,UP,990626,10/01/21,447303,129157,7110,79,7031,234060
Chirang,AS,481818,,288696,102397,0,0,0,236090.82
Idukki,KL,1107453,01/01/21,859116,481911,147118,519,140292,237691
Sonipat,HR,1480080,06/12/20,989125,411915,47138,254,46884,238963
Bengaluru Rural,KA,987257,31/01/21,700825,385704,62005,890,61073,240277
Hamirpur,UP,1104021,10/01/21,561456,185949,5232,102,5130,240382
Gonda,UP,3431386,31/01/21,1604382,555773,12282,266,12016,241234
Bhopal,MP,2368145,19/09/20,2012966,1168682,123552,972,122121,245166
Shamli,UP,1274815,31/01/21,604968,206438,12976,45,12931,246597
Gurdaspur,PB,2299026,20/12/20,862133,415351,22381,801,21576,249039
Udaipur,RJ,3067549,01/02/21,1715072,854773,56405,753,55652,251522
Imphal West,MN,514683,,308782,199404,0,0,0,252194.67
Komaram Bheem,TG,515835,,275644,51593,0,0,0,252759.15
Amroha,UP,1838771,13/01/21,871164,265607,16616,203,16412,254038
Bhadrak,OR,1506522,31/01/21,1026493,367945,26480,150,26260,258173
Hathras,UP,1565678,31/01/21,701190,234481,2920,43,2877,260525
Ajmer,RJ,2584913,01/02/21,1752308,1042482,37769,410,37352,261215
Etah,UP,1761152,31/01/21,788675,213371,9968,99,9868,263295
Lakshadweep,LD,64473,31/10/21,55129,45951,10365,51,10270,263541
Ghazipur,UP,3622727,31/01/21,1690195,509886,21641,282,21359,265737
Saharanpur,UP,3464228,30/01/21,1638111,576986,32730,420,32309,266387
Amethi,UP,2549935,31/01/21,1015454,375261,9972,143,9828,267014
Kutch,GJ,2090313,02/02/21,1412923,680232,12631,145,12474,267060
Ballia,UP,3223642,31/01/21,1433455,388341,21610,234,21376,267420
Rajanna Sircilla,TG,546121,,372065,144680,0,0,0,267599.29
Bulandshahr,UP,3498507,07/12/20,1647985,646236,20215,243,19972,269090
Kasganj,UP,1438156,31/01/21,608818,147948,4250,53,4197,271969
South Salmara Mankachar,AS,555114,,239906,76599,0,0,0,272005.86
Udhampur,JK,555357,,425945,227785,11415,137,11275,272124.93
Patiala,PB,2892282,20/12/20,1051467,396473,48927,1358,47561,273344
Rampur,UP,2335398,16/01/21,989666,250420,11826,148,11676,274288
Vaishali,BR,3495021,31/01/21,1671469,478638,19827,192,19632,275884
Balrampur,UP,2149066,31/01/21,995084,438892,7494,138,7354,276237
Narayanpet,TG,566874,,288388,50219,0,0,0,277768.26
Bikaner,RJ,2367745,01/02/21,1461174,714590,40339,545,39792,278302
Mau,UP,2205170,31/01/21,1017497,307052,8333,80,8252,281445
Jangaon,TG,582457,,327527,128207,0,0,0,285403.93
Sitapur,UP,4474446,28/01/21,2139996,497241,12398,185,12211,289473
Pilibhit,UP,2037225,13/01/21,978332,256931,11032,193,10838,291538
Alwar,RJ,3671999,01/02/21,2237787,1029095,59694,307,59387,291879
Gandhinagar,GJ,1387478,02/02/21,1175562,706208,20754,205,20549,292598
Sant Kabir Nagar,UP,1714300,31/01/21,799506,195105,8159,98,8061,292606
Simdega,JH,599813,,277357,112059,7193,92,7101,293908.37
Jabalpur,MP,2460714,01/02/21,1957070,1099359,50779,670,49896,293923
Kishanganj,BR,1690948,31/01/21,757066,205274,10128,66,10057,294321
Siddharthnagar,UP,2553526,31/01/21,1225133,479630,9373,100,9273,295047
Basti,UP,2461056,31/01/21,1189235,399451,11717,330,11385,296570
Etawah,UP,1579160,10/01/21,708258,253661,13933,293,13640,297761
Unnao,UP,3110595,10/01/21,1554190,420513,15011,254,14757,298886
Hapur,UP,1338211,03/01/21,658863,254519,12638,217,12421,299725
Biswanath,AS,612491,,456088,213437,0,0,0,300120.59
Dibrugarh,AS,1327748,01/02/21,914640,430800,0,0,0,301657
Kathua,JK,615711,,482584,249588,9327,152,9175,301698.39
Banda,UP,1799541,10/01/21,795903,236840,10992,158,10832,303185
Rajouri,JK,619266,,498787,241407,11272,237,11031,303440.34
Raigad,MH,2635394,28/01/21,1859507,774913,195958,4551,190759,304088
Deoria,UP,3098637,31/01/21,1597034,537293,20223,220,20003,304520
Pathanamthitta,KL,1195537,01/01/21,1048352,677224,193406,1076,184979,306034
Sonbhadra,UP,1862612,31/01/21,812891,236871,16807,251,16556,306175
Jamnagar,GJ,2159130,02/02/21,1111813,653950,34978,478,34494,307911
Bahraich,UP,2384239,31/01/21,1752196,642554,11549,178,11371,308225
Sambhal,UP,2217020,13/01/21,893786,204352,9438,106,9331,309333
Sultanpur,UP,3790922,31/01/21,1178195,370998,14915,138,14777,309395
Jhansi,UP,2000755,26/11/20,1132511,379818,36556,663,35892,312540
Satara,MH,3003922,30/01/21,1963730,865197,250414,6428,243482,312742
Mirzapur,UP,2494533,31/01/21,1335308,462157,11088,116,10972,312764
Bijnor,UP,3683896,30/01/21,1756682,600482,14794,126,14668,312985
South Goa,GA,639962,,661972,487016,0,0,0,313581.38
Kushinagar,UP,3560830,30/01/21,1632782,458054,15617,228,15389,314772
West Garo Hills,ML,642923,,209662,119725,9027,72,8943,315032.27
Subarnapur,OR,652107,,418336,192102,13187,61,13115,319532.43
Palghar,MH,2990116,30/01/21,1869199,678741,138013,3282,134309,319724
Hisar,HR,1742815,30/01/21,994213,332162,53995,1136,52857,322039
Nawada,BR,2216653,16/11/20,1062349,274319,10353,178,10174,322514
Firozabad,UP,2496761,31/01/21,1005224,328351,8720,135,8585,322656
Jaunpur,UP,4476072,20/01/21,2189622,667013,22584,235,22349,322824
Hailakandi,AS,659260,,422295,146888,0,0,0,323037.4
Munger,BR,1359054,31/01/21,707588,264665,15111,158,14953,325212
Jogulamba Gadwal,TG,664971,,306919,59886,0,0,0,325835.79
Baghpat,UP,1302156,31/01/21,692255,337171,9132,141,8991,327192
Lakhisarai,BR,1000717,31/01/21,461970,138407,7776,102,7674,332434
Maharajganj,UP,2665292,31/01/21,1283534,372559,12440,140,12300,334716
Dhemaji,AS,688077,,431792,184251,0,0,0,337157.73
Udham Singh Nagar,UT,1648367,30/01/21,1277738,518326,37875,761,36315,337292
Jamui,BR,1756078,31/01/21,800488,222093,9418,106,9312,342005
Kanpur Dehat,UP,1795092,10/01/21,923661,290898,6197,110,6087,344697
Adilabad,TG,708952,,376263,89337,0,0,0,347386.48
Nirmal,TG,709415,,378315,130107,0,0,0,347613.35
Jayashankar Bhupalapally,TG,712257,,262313,127108,0,0,0,349005.93
Warangal Rural,TG,716457,,342881,105289,0,0,0,351063.93
Koderma,JH,717169,,363078,140609,12872,136,12736,351412.81
Kota,RJ,1950491,01/02/21,1269245,655588,57053,449,56603,355509
Latehar,JH,725673,,294989,84919,7871,57,7814,355579.77
Yadadri Bhuvanagiri,TG,726465,,463854,223506,0,0,0,355967.85
Saharsa,BR,1897102,31/01/21,995618,366567,17616,134,17482,356327
Alirajpur,MP,728677,,369571,114601,3505,48,3453,357051.73
Bongaigaon,AS,732639,,493242,183782,0,0,0,358993.11
Budgam,JK,735753,,592075,319587,23844,207,23548,360518.97
Banka,BR,2029339,31/01/21,935177,351254,7379,112,7267,364776
Wanaparthy,TG,751553,,289412,81870,0,0,0,368260.97
Lakhimpur Kheri,UP,4013634,30/01/21,1829019,382178,24410,292,24117,368533
Haridwar,UT,1927029,30/01/21,1456257,635360,51498,1019,49096,369542
Medak,TG,767428,,458648,140778,0,0,0,376039.72
Ayodhya,UP,2468371,31/01/21,1270889,418182,16919,290,16629,376735
Nalbari,AS,769919,,483076,168392,0,0,0,377260.31
Nagpur,MH,4653171,18/10/20,3006439,1460890,493607,9128,484334,382083
Kendrapara,OR,1439891,19/10/20,916169,347854,24860,252,24545,382732
Rae Bareli,UP,3404004,30/01/21,1436175,344694,17104,343,16761,387408
Peddapalli,TG,795332,,463510,201940,0,0,0,389712.68
Kannur,KL,2525637,01/01/21,1891004,959656,275264,2325,269475,392136
Bhavnagar,GJ,2877961,02/02/21,1680398,986097,21447,301,21143,392834
Mancherial,TG,807037,,480069,170258,0,0,0,395448.13
Belagavi,KA,4778439,02/01/21,3165252,1386668,79900,938,78879,396565
Moradabad,UP,4773138,13/01/21,1390249,443211,39102,349,38752,400459
North Goa,GA,817761,,600586,424066,0,0,0,400702.89
Dehradun,UT,1698560,30/01/21,1465464,793803,112363,3521,108137,401496
Ballari,KA,2532383,28/12/20,1758198,864065,97763,1689,95961,402407
East Khasi Hills,ML,824059,,318381,225526,41025,987,39754,403788.91
Kalaburagi,KA,2564892,30/01/21,1323039,641641,61926,819,61087,409596
Sindhudurg,MH,848868,,524896,279051,52783,1434,50987,415945.32
Puducherry,PY,950289,27/01/21,558708,305464,98885,1453,97171,425639
Kupwara,JK,875564,,673594,348327,14463,166,14268,429026.36
Jalgaon,MH,4224442,30/01/21,2085101,699544,139934,2714,137178,429198
Vikarabad,TG,881250,,427669,87989,0,0,0,431812.5
Kokrajhar,AS,886999,,538901,156488,0,0,0,434629.51
Thiruvananthapuram,KL,3307284,23/10/20,2578575,1562343,463977,4996,448304,436661
Shahjahanpur,UP,3002376,13/01/21,1743273,538827,20361,444,19916,437195
Nagarkurnool,TG,893308,,464888,106589,0,0,0,437720.92
Mayiladuthurai,TN,901000,,0,0,23280,316,22878,441490
Kaimur,BR,1626900,31/01/21,801438,225437,4984,147,4837,442332
Jalandhar,PB,2181753,20/12/20,1433553,681370,63396,1496,61864,443735
Darrang,AS,908090,,596783,183724,0,0,0,444964.1
Darbhanga,BR,3921971,11/01/21,1869372,741553,10937,370,10567,448442
Sitamarhi,BR,3419622,31/01/21,1511464,424182,9185,127,9058,453227
Madhepura,BR,1994618,31/01/21,965767,260408,12547,111,12435,455482
Hojai,AS,931218,,602504,274035,0,0,0,456296.82
Supaul,BR,2228397,31/01/21,1069993,369925,17222,129,17093,456511
Buxar,BR,1707643,31/01/21,907374,322555,9248,182,9066,461428
Ramgarh,JH,949159,,522017,185442,13923,197,13714,465087.91
Bareilly,UP,4465344,13/01/21,2221830,749751,44028,377,43650,465209
Bhojpur,BR,2720155,31/01/21,1291186,382719,10210,159,10051,466438
Baksa,AS,953773,,553967,136574,0,0,0,467348.77
Morigaon,AS,957853,,592446,212146,0,0,0,469347.97
Malappuram,KL,4110956,30/12/20,2833303,1103557,567584,2576,562111,469850
Karbi Anglong,AS,965280,,284600,102798,0,0,0,472987.2
Kendujhar,OR,1802777,01/02/21,1087285,376311,20980,175,20798,474504
Kamareddy,TG,972625,,557684,183176,0,0,0,476586.25
Gorakhpur,UP,4436275,31/01/21,2347051,889085,59439,848,58588,480536
Jagtial,TG,983414,,580926,190526,0,0,0,481872.86
Aligarh,UP,3673849,31/01/21,1589498,498586,21280,108,21172,482825
Siddipet,TG,993376,,582450,242462,0,0,0,486754.24
Agra,UP,4380793,31/01/21,2172907,746386,25765,457,25308,491361
Jehanabad,BR,1124176,31/01/21,498448,184446,10783,109,10674,492255
Goalpara,AS,1008959,,662016,195521,0,0,0,494389.91
Baramulla,JK,1015503,,776258,450002,24613,282,24196,497596.47
Panna,MP,1016028,,600823,168120,7331,63,7250,497853.72
Karimnagar,TG,1016063,,657167,384862,0,0,0,497870.87
Nashik,MH,6109052,30/01/21,3471046,1299122,410681,8679,401418,498397
Gumla,JH,1025656,,387738,156364,9900,38,9857,502571.44
Faridabad,HR,1798954,30/01/21,1658940,840997,99902,716,99157,504970
Lakhimpur,AS,1040644,,681386,301369,0,0,0,509915.56
Chatra,JH,1042304,,454807,126700,6033,53,5977,510728.96
Ludhiana,PB,3487882,20/12/20,2473646,943401,87608,2106,85484,514691
Mandla,MP,1053522,,684882,246724,5188,25,5159,516225.78
Golaghat,AS,1058674,,711564,306745,0,0,0,518750.26
Rohtas,BR,2962593,31/01/21,1498172,465660,13980,271,13707,521553
Anantnag,JK,1070144,,759605,402717,16603,205,16378,524370.56
Vizianagaram,AP,2342868,26/11/20,1393491,996097,82967,672,82231,531433
Jorhat,AS,1091295,,649267,297724,0,0,0,534734.55
Siwan,BR,3318176,31/01/21,1670590,684755,15195,170,15025,536438
Suryapet,TG,1099560,,610724,208278,0,0,0,538784.4
East Champaran,BR,5082868,03/11/20,2498559,1002939,19017,430,18585,548132
West Champaran,BR,3935042,31/01/21,1784016,469332,20890,358,20532,551778
Katihar,BR,3068149,31/01/21,1451838,403046,18145,94,18051,556438
Warangal Urban,TG,1135707,,687410,418947,0,0,0,556496.43
Jhargram,WB,1136548,,714456,211586,12135,27,12063,556908.52
Gopalganj,BR,2558037,31/01/21,1286763,481968,16685,94,16591,562654
Sivasagar,AS,1150253,,478954,223921,0,0,0,563623.97
Purnia,BR,3273127,05/01/21,1603099,729224,24427,180,24247,568756
Singrauli,MP,1178132,,740335,224966,8801,82,8706,577284.68
Bhagalpur,BR,3032226,31/01/21,1494951,650332,25840,309,25531,582113
Washim,MH,1196714,,579042,321710,41663,637,41020,586389.86
Nalanda,BR,2872523,31/01/21,1393762,638181,23432,468,22964,591346
Varanasi,UP,3682194,31/01/21,2109381,843905,85501,971,84528,595510
Karimganj,AS,1217002,,681216,203575,0,0,0,596330.98
Jodhpur,RJ,3685681,01/02/21,2263325,1036743,112412,1103,111308,600959
Samastipur,BR,4254782,31/01/21,1991102,555728,20020,155,19864,614569
Kamrup Metropolitan,AS,1260419,,1246239,875897,0,0,0,617605.31
Srinagar,JK,1269751,,957347,592016,75539,846,74242,622177.99
Solapur,MH,4315527,30/01/21,2242339,690069,210466,5551,204364,629266
Kasaragod,KL,1302600,,910194,521754,138815,617,134824,638274
Thrissur,KL,3110327,01/01/21,2295947,1305873,523260,3575,515481,639055
Bhadradri Kothagudem,TG,1304811,,599183,204318,0,0,0,639357.39
Tinsukia,AS,1316948,,795057,286170,0,0,0,645304.52
Mahabubabad,TG,1318110,,468199,172007,0,0,0,645873.9
Garhwa,JH,1322387,,456056,148421,6895,94,6801,647969.63
Srikakulam,AP,2699471,26/11/20,1630248,974734,123109,786,122136,670899
Y.S.R. Kadapa,AP,2884524,26/11/20,1824032,1328711,115623,644,114904,671761
Gautam Buddha Nagar,UP,1674714,24/01/21,1799728,974353,63353,467,62876,675396
Patna,BR,5772804,31/01/21,3421614,2366474,147007,2334,144651,676238
S.P.S. Nellore,AP,2966082,26/11/20,2143402,1403240,146388,1053,144919,682964
Kanpur Nagar,UP,4572951,10/01/21,2251558,859280,82933,1905,81024,685820
Khammam,TG,1401639,,856707,333812,0,0,0,686803.11
Vadodara,GJ,3639775,02/02/21,2612578,1940514,78159,788,77335,695670
Prakasam,AP,3392764,26/11/20,2321031,1521177,138482,1124,136989,697340
Ghaziabad,UP,4661452,24/01/21,2247039,1071908,55673,461,55207,712611
Madhubani,BR,4476044,31/01/21,1974159,680214,18365,339,18023,715168
Muzaffarpur,BR,4778610,31/01/21,2253919,717015,31398,621,30777,722651
Bargarh,OR,1478833,,829092,283966,31126,335,30762,724628.17
Prayagraj,UP,5959798,14/01/21,2731341,862244,78699,1088,77609,729300
Rajkot,GJ,3157676,02/02/21,2227111,1255012,57976,725,57243,731251
West Singhbhum,JH,1501619,,630437,225607,13054,133,12918,735793.31
Gurugram,HR,1514085,30/01/21,2193114,1377160,181428,922,180454,742619
Kamrup,AS,1517202,,1079092,409628,0,0,0,743428.98
Visakhapatnam,AP,4288113,26/11/20,2999432,1864960,157737,1127,156492,744983
Jammu,JK,1526406,,1168448,610537,53324,1145,52145,747938.94
Sangareddy,TG,1527628,,851395,299316,0,0,0,748537.72
Ganjam,OR,3520151,31/01/21,2214981,1698328,33849,485,33342,750442
Nizamabad,TG,1534428,,858574,250862,0,0,0,751869.72
Saran,BR,3943098,31/01/21,1868014,736766,23278,255,23020,761473
Indore,MP,3272335,31/01/21,2951024,1728945,153230,1391,151410,780266
Chittoor,AP,4170468,26/11/20,2832987,1807873,246935,1947,244144,780322
Krishna,AP,4529009,26/11/20,2971604,1914927,119348,1430,117130,782232
Anantapur,AP,4083315,26/11/20,2690082,1611476,157843,1093,156699,787085
Ratnagiri,MH,1612672,,920151,388703,78950,2478,76292,790209.28
Chandigarh,CH,1055450,31/10/21,926035,546981,65351,820,64495,792851
West Godavari,AP,3934782,26/11/20,2525317,1778807,179077,1117,177680,793098
Meerut,UP,3447405,31/01/21,1764744,842448,69480,898,68567,798404
Nalgonda,TG,1631399,,891308,254218,0,0,0,799385.51
Dakshin Dinajpur,WB,1670931,,1063493,363056,17889,170,17573,818756.19
Barpeta,AS,1693190,,1095048,448006,0,0,0,829663.1
Alipurduar,WB,1700000,,949775,353666,15589,102,15441,833000
Guntur,AP,4889230,26/11/20,3440118,1891773,178068,1237,176629,833823
Hazaribagh,JH,1734005,,865943,317137,19593,186,19404,849662.45
Cachar,AS,1736319,,1101266,402535,0,0,0,850796.31
Kurnool,AP,4046601,26/11/20,2672759,1290419,124142,853,123264,867361
Gaya,BR,4379383,31/01/21,1925234,722746,33952,280,33672,872359
Akola,MH,1818617,,760099,357931,58764,1425,57318,891122.33
Darjeeling,WB,1842034,,1324555,664306,57143,539,56326,902596.66
Sonitpur,AS,1925975,,767841,434213,0,0,0,943727.75
East Godavari,AP,5151549,26/11/20,3532220,1990578,293836,1290,291610,944746
Palamu,JH,1936319,,788026,311074,12294,110,12184,948796.31
Dhubri,AS,1948632,,945264,229696,0,0,0,954829.68
Kozhikode,KL,3089543,01/01/21,2341296,1154561,527346,3374,519030,955060
Jaipur,RJ,6663971,01/02/21,4582410,2189042,187804,1970,185816,968783
Kottayam,KL,1979384,,1477425,841596,322484,1356,315759,969898.16
Sundargarh,OR,2080664,,1122762,490428,61841,594,61167,1019525.36
Alappuzha,KL,2121943,,1518055,855411,316160,1862,313515,1039752.07
Khordha,OR,2246341,,2063646,1502538,175335,1552,171938,1100707.09
East Singhbhum,JH,2291032,,1424376,661091,51974,1046,50907,1122605.68
Latur,MH,2455543,,1182476,507616,92133,2437,89608,1203216.07
Thane,MH,11060148,04/11/20,5484839,2751182,610128,11462,597141,1229625
Lucknow,UP,4588455,13/12/20,3106658,1488333,238839,2651,236165,1237583
Medchal Malkajgiri,TG,2542203,,2149958,1317832,0,0,0,1245679.47
Ranga Reddy,TG,2551731,,2348542,1291404,0,0,0,1250348.19
Kollam,KL,2629703,,1951077,1047951,390872,2451,383923,1288554.47
Dhanbad,JH,2682662,,1185934,446946,16589,382,16196,1314504.38
Sangli,MH,2820575,,1810980,802877,209771,5613,203673,1382081.75
Cooch Behar,WB,2822780,,1444232,421663,29275,97,29060,1383162.2
Nagaon,AS,2826006,,1203831,448081,0,0,0,1384742.94
Paschim Bardhaman,WB,2882031,,1789611,677747,57778,356,57184,1412195.19
Amravati,MH,2887826,,1241168,548807,96231,1594,94618,1415034.74
Ranchi,JH,2912022,,1512114,656001,86116,1585,84495,1426890.78
Purulia,WB,2927965,,1679941,492310,19419,113,19283,1434702.85
Uttar Dinajpur,WB,3000849,,1341457,436182,19858,238,19559,1470416.01
Ernakulam,KL,3279860,,2953482,1759232,602800,3555,583842,1607131.4
Hyderabad,TG,3441992,,3150245,1893217,0,0,0,1686576.08
Birbhum,WB,3502387,,2152966,846286,41197,286,40727,1716169.63
Bankura,WB,3596292,,2245147,706177,36313,274,35839,1762183.08
Jalpaiguri,WB,3869675,,1144138,410719,41982,572,41256,1896140.75
Kolhapur,MH,3874015,,2536731,1043329,206671,5847,200699,1898267.35
Surat,GJ,4996391,02/02/21,4781894,2529712,143874,1956,141885,1938229
Malda,WB,3997970,,2029144,590497,33406,186,33121,1959005.3
Purba Medinipur,WB,4417377,,3560589,1471674,63098,397,62549,2164514.73
Kolkata,WB,4486679,,4784084,3039486,322541,5152,315146,2198472.71
Purba Bardhaman,WB,4835532,,2596246,859528,42005,198,41588,2369410.68
Howrah,WB,4841638,,2905925,1254076,98757,1524,96567,2372402.62
Paschim Medinipur,WB,5094238,,2758576,877978,53581,507,52820,2496176.62
Nadia,WB,5168488,,2798942,884320,73333,859,72054,2532559.12
Ahmedabad,GJ,7208200,02/02/21,5961594,3439921,238334,3411,234889,2556492
Chennai,TN,7100000,01/02/21,4532809,2671294,554672,8546,544701,2667777
Hooghly,WB,5520389,,3368156,1343978,86300,990,84650,2704990.61
Mumbai,MH,12442373,29/01/21,9115615,5564204,756749,16247,733318,2789713
Murshidabad,WB,7102430,,3952659,976111,33993,328,33605,3480190.7
South 24 Parganas,WB,8153176,,4850898,1832073,100957,1336,98950,3995056.24
North 24 Parganas,WB,10082852,,6547702,2720315,329257,4833,323097,4940597.48
Bengaluru Urban,KA,9588910,31/01/21,9219875,5903791,1251872,16281,1229059,6883888
Delhi,DL,19814000,31/10/21,13055636,7425404,1439870,25091,1414431,29427753