state,yr,mnth,daily_confirmed,total_confirmed,daily_recovered,total_recovered,daily_tested,total_tested,daily_deceased,total_deceased,daily_vaccinated1,total_vaccinated1,daily_vaccinated2,total_vaccinated2
AN,2020,March,10,10,0,0,0,0,0,0,0,0,0,0
AN,2020,April,23,33,16,16,2848,2848,0,0,0,0,0,0
AN,2020,May,0,33,17,33,4858,7706,0,0,0,0,0,0
AN,2020,June,64,97,12,45,8003,15709,0,0,0,0,0,0
AN,2020,July,451,548,169,214,8329,24038,5,5,0,0,0,0
AN,2020,August,2584,3132,2433,2647,9447,33485,41,46,0,0,0,0
AN,2020,September,703,3835,961,3608,25278,58763,7,53,0,0,0,0
AN,2020,October,497,4332,492,4100,29690,88453,6,59,0,0,0,0
AN,2020,November,378,4710,450,4550,40936,129389,2,61,0,0,0,0
AN,2020,December,235,4945,276,4826,52251,181640,1,62,0,0,0,0
AN,2021,January,49,4994,102,4928,41497,223137,0,62,2727,2727,0,0
AN,2021,February,26,5020,24,4952,45362,268499,0,62,3407,6134,2422,2422
AN,2021,March,63,5083,24,4976,51365,319864,0,62,10346,16480,3186,5608
AN,2021,April,866,5949,725,5701,51032,370896,5,67,77013,93493,5273,10881
AN,2021,May,1056,7005,1018,6719,15717,386613,48,115,15591,109084,4300,15181
AN,2021,June,462,7467,589,7308,23277,409890,13,128,47386,156470,4642,19823
AN,2021,July,70,7537,92,7400,30980,440870,1,129,53226,209696,71739,91562
AN,2021,August,29,7566,31,7431,49782,490652,0,129,47799,257495,14240,105802
AN,2021,September,55,7621,52,7483,61501,552153,0,129,32233,289728,47412,153214
AN,2021,October,30,7651,35,7518,45880,598033,0,129,4273,294001,46943,200157
AP,2020,March,44,44,1,1,0,0,0,0,0,0,0,0
AP,2020,April,1359,1403,320,321,94558,94558,31,31,0,0,0,0
AP,2020,May,2168,3571,2019,2340,278190,372748,31,62,0,0,0,0
AP,2020,June,11024,14595,4171,6511,517442,890190,125,187,0,0,0,0
AP,2020,July,126338,140933,57353,63864,1061586,1951776,1162,1349,0,0,0,0
AP,2020,August,293838,434771,266662,330526,1771136,3722912,2620,3969,0,0,0,0
AP,2020,September,258713,693484,298685,629211,2083646,5806558,1859,5828,0,0,0,0
AP,2020,October,129864,823348,162872,792083,2222347,8028905,862,6690,0,0,0,0
AP,2020,November,44716,868064,61149,853232,2028949,10057854,302,6992,0,0,0,0
AP,2020,December,14222,882286,18684,871916,1767712,11825566,116,7108,0,0,0,0
AP,2021,January,5550,887836,7489,879405,1312306,13137872,45,7153,187252,187252,0,0
AP,2021,February,2080,889916,2624,882029,816259,13954131,16,7169,342355,529607,139337,139337
AP,2021,March,12073,901989,5405,887434,1129048,15083179,48,7217,1682209,2211816,254016,393353
AP,2021,April,199701,1101690,83284,970718,1307181,16390360,775,7992,2900737,5112553,1073911,1467264
AP,2021,May,591395,1693085,557642,1528360,2865944,19256304,2938,10930,2238415,7350968,1045115,2512379
AP,2021,June,196428,1889513,310109,1838469,2737314,21993618,1776,12706,5237401,12588369,603822,3116201
AP,2021,July,76662,1966175,93149,1931618,2569425,24563043,671,13377,3697974,16286343,2458155,5574356
AP,2021,August,47941,2014116,53948,1985566,2066271,26629314,480,13857,5698762,21985105,3019979,8594335
AP,2021,September,36208,2050324,39079,2024645,1664390,28293704,319,14176,5405420,27390525,5111998,13706333
AP,2021,October,16126,2066450,23077,2047722,1225083,29518787,197,14373,5586444,32976969,6668848,20375181
AR,2020,April,1,1,1,1,694,694,0,0,0,0,0,0
AR,2020,May,3,4,0,1,7589,8283,0,0,0,0,0,0
AR,2020,June,187,191,61,62,15954,24237,1,1,0,0,0,0
AR,2020,July,1400,1591,856,918,57628,81865,2,3,0,0,0,0
AR,2020,August,2521,4112,1967,2885,85750,167615,4,7,0,0,0,0
AR,2020,September,5684,9796,4005,6890,80824,248439,9,16,0,0,0,0
AR,2020,October,5056,14852,6069,12959,70040,318479,21,37,0,0,0,0
AR,2020,November,1430,16282,2452,15411,40644,359123,17,54,0,0,0,0
AR,2020,December,437,16719,1153,16564,19028,378151,2,56,0,0,0,0
AR,2021,January,109,16828,195,16759,14060,392211,0,56,9651,9651,0,0
AR,2021,February,8,16836,21,16780,13593,405804,0,56,15728,25379,6741,6741
AR,2021,March,9,16845,5,16785,8159,413963,0,56,40572,65951,13197,19938
AR,2021,April,1574,18419,349,17134,39943,453906,3,59,121208,187159,34386,54324
AR,2021,May,8853,27272,6268,23402,131999,585905,56,115,68430,255589,24005,78329
AR,2021,June,8585,35857,9521,32923,179985,765890,57,172,253686,509275,6201,84530
AR,2021,July,12265,48122,11016,43939,173042,938932,57,229,162653,671928,90037,174567
AR,2021,August,4909,53031,7969,51908,120682,1059614,31,260,54511,726439,68335,242902
AR,2021,September,1595,54626,2023,53931,85905,1145519,16,276,29433,755872,174863,417765
AR,2021,October,529,55155,843,54774,39917,1185436,4,280,16003,771875,116721,534486
AS,2020,March,1,1,0,0,0,0,0,0,0,0,0,0
AS,2020,April,42,43,29,29,9520,9520,1,1,0,0,0,0
AS,2020,May,1297,1340,157,186,99577,109097,3,4,0,0,0,0
AS,2020,June,7068,8408,5462,5648,303117,412214,8,12,0,0,0,0
AS,2020,July,31862,40270,24710,30358,505181,917395,86,98,0,0,0,0
AS,2020,August,68771,109041,55101,85459,1345432,2262827,208,306,0,0,0,0
AS,2020,September,71770,180811,60156,145615,1260603,3523430,391,697,0,0,0,0
AS,2020,October,25540,206351,50436,196051,1134409,4657839,233,930,0,0,0,0
AS,2020,November,6425,212776,12342,208393,656350,5314189,51,981,0,0,0,0
AS,2020,December,3435,216211,3514,211907,683261,5997450,64,1045,0,0,0,0
AS,2021,January,930,217141,2271,214178,468476,6465926,37,1082,38106,38106,0,0
AS,2021,February,396,217537,652,214830,384278,6850204,10,1092,157800,195906,27675,27675
AS,2021,March,875,218412,615,215445,381195,7231399,13,1105,712801,908707,112592,140267
AS,2021,April,34711,253123,11198,226643,1373536,8604935,202,1307,1041410,1950117,394229,534496
AS,2021,May,158093,411216,128167,354810,2440767,11045702,2058,3365,1354028,3304145,298660,833156
AS,2021,June,97268,508484,122700,477510,3803089,14848791,1174,4539,2487969,5792114,397711,1230867
AS,2021,July,57714,566198,70106,547616,3782319,18631110,721,5260,2961283,8753397,699014,1929881
AS,2021,August,23228,589426,29249,576865,3043761,21674871,400,5660,5670404,14423801,1197727,3127608
AS,2021,September,12737,602163,15021,591886,1888496,23563367,213,5873,4046949,18470750,2424621,5552229
AS,2021,October,8482,610645,9088,600974,1148675,24712042,124,5997,1701713,20172463,2516566,8068795
BR,2020,March,21,21,0,0,0,0,1,1,0,0,0,0
BR,2020,April,404,425,84,84,22672,22672,1,2,0,0,0,0
BR,2020,May,3382,3807,1436,1520,53065,75737,21,23,0,0,0,0
BR,2020,June,6180,9987,6024,7544,145153,220890,45,68,0,0,0,0
BR,2020,July,41000,50987,26106,33650,327282,548172,230,298,0,0,0,0
BR,2020,August,85350,136337,85922,119572,2638989,3187161,396,694,0,0,0,0
BR,2020,September,46569,182906,50053,169625,4078989,7266150,210,904,0,0,0,0
BR,2020,October,33858,216764,38186,207811,3656873,10923023,186,1090,0,0,0,0
BR,2020,November,18852,235616,20987,228798,3741408,14664431,174,1264,0,0,0,0
BR,2020,December,17176,252792,17887,246685,3672291,18336722,133,1397,0,0,0,0
BR,2021,January,7927,260719,11333,258018,2684928,21021650,104,1501,148293,148293,0,0
BR,2021,February,1815,262534,2576,260594,1412394,22434044,40,1541,411865,560158,79212,79212
BR,2021,March,2993,265527,1777,262371,1267426,23701470,35,1576,1837967,2398125,356801,436013
BR,2021,April,204790,470317,99985,362356,2732420,26433890,984,2560,3484272,5882397,649824,1085837
BR,2021,May,236444,706761,323006,685362,3476706,29910596,2603,5163,2632065,8514462,705670,1791507
BR,2021,June,15153,721914,25207,710569,3295508,33206104,4425,9588,5169650,13684112,424038,2215545
BR,2021,July,2921,724835,4166,714735,4145691,37351795,55,9643,6979997,20664109,1677754,3893299
BR,2021,August,873,725708,1220,715955,4493302,41845097,10,9653,11076790,31740899,2384976,6278275
BR,2021,September,250,725958,288,716243,4370082,46215179,8,9661,11808552,43549451,4524787,10803062
BR,2021,October,140,726098,147,716390,4316645,50531824,0,9661,6325377,49874828,7543719,18346781
CH,2020,March,15,15,0,0,0,0,0,0,0,0,0,0
CH,2020,April,59,74,18,18,1147,1147,0,0,0,0,0,0
CH,2020,May,219,293,181,199,3638,4785,4,4,0,0,0,0
CH,2020,June,147,440,165,364,2904,7689,2,6,0,0,0,0
CH,2020,July,611,1051,303,667,6270,13959,9,15,0,0,0,0
CH,2020,August,3295,4346,1764,2431,16418,30377,41,56,0,0,0,0
CH,2020,September,7592,11938,7382,9813,47112,77489,106,162,0,0,0,0
CH,2020,October,2480,14418,3738,13551,29526,107015,64,226,0,0,0,0
CH,2020,November,2991,17409,2519,16070,35311,142326,51,277,0,0,0,0
CH,2020,December,2339,19748,2975,19045,38860,181186,40,317,0,0,0,0
CH,2021,January,1177,20925,1381,20426,35060,216246,17,334,3447,3447,0,0
CH,2021,February,845,21770,611,21037,38187,254433,18,352,17443,20890,1712,1712
CH,2021,March,5229,26999,2665,23702,57472,311905,27,379,45140,66030,9839,11551
CH,2021,April,15648,42647,11561,35263,92710,404615,99,478,94041,160071,36867,48418
CH,2021,May,17399,60046,22263,57526,103854,508469,275,753,114351,274422,26483,74901
CH,2021,June,1624,61670,3182,60708,58703,567172,55,808,164879,439301,12675,87576
CH,2021,July,283,61953,403,61111,46719,613891,3,811,203527,642828,107802,195378
CH,2021,August,3152,65105,3141,64252,57984,671875,2,813,164238,807066,113011,308389
CH,2021,September,125,65230,118,64370,61730,733943,6,819,93919,900985,140670,449059
CH,2021,October,121,65351,125,64495,59246,792851,1,820,25050,926035,97922,546981
CT,2020,March,9,9,2,2,0,0,0,0,0,0,0,0
CT,2020,April,31,40,34,36,17541,17541,0,0,0,0,0,0
CT,2020,May,458,498,78,114,51611,69152,1,1,0,0,0,0
CT,2020,June,2360,2858,2136,2250,91498,160650,12,13,0,0,0,0
CT,2020,July,6334,9192,3980,6230,155477,316127,41,54,0,0,0,0
CT,2020,August,22311,31503,10759,16989,266413,582540,223,277,0,0,0,0
CT,2020,September,82099,113602,64729,81718,524072,1106612,680,957,0,0,0,0
CT,2020,October,73668,187270,81361,163079,702834,1809446,1144,2101,0,0,0,0
CT,2020,November,50052,237322,51747,214826,754160,2563606,760,2861,0,0,0,0
CT,2020,December,42253,279575,49943,264769,951101,3514707,510,3371,0,0,0,0
CT,2021,January,25792,305367,32570,297339,705597,4220304,330,3701,72704,72704,0,0
CT,2021,February,7193,312560,8612,305951,591969,4812273,134,3835,305130,377834,51791,51791
CT,2021,March,36627,349187,13537,319488,945535,5757808,335,4170,1247092,1624926,265388,317179
CT,2021,April,379513,728700,281673,601161,1448692,7206500,4411,8581,3228173,4853099,400821,718000
CT,2021,May,242763,971463,321513,922674,1918743,9125243,4467,13048,1039090,5892189,387870,1105870
CT,2021,June,23017,994480,52403,975077,1224994,10350237,391,13439,2034231,7926420,494807,1600677
CT,2021,July,7528,1002008,11544,986621,1043996,11394233,85,13524,1708527,9634947,745641,2346318
CT,2021,August,2443,1004451,3863,990484,991494,12385727,31,13555,1115721,10750668,913820,3260138
CT,2021,September,906,1005357,1007,991491,739174,13124901,11,13566,2333762,13084430,2018962,5279100
CT,2021,October,695,1006052,668,992159,584609,13709510,11,13577,1767252,14851682,2064173,7343273
DL,2020,March,120,120,6,6,0,0,2,2,0,0,0,0
DL,2020,April,3395,3515,1088,1094,47225,47225,57,59,0,0,0,0
DL,2020,May,16329,19844,7384,8478,165559,212784,414,473,0,0,0,0
DL,2020,June,67516,87360,49870,58348,318968,531752,2269,2742,0,0,0,0
DL,2020,July,48238,135598,62582,120930,501033,1032785,1221,3963,0,0,0,0
DL,2020,August,39150,174748,34748,155678,550700,1583485,481,4444,0,0,0,0
DL,2020,September,104967,279715,91768,247446,1496480,3079965,917,5361,0,0,0,0
DL,2020,October,106991,386706,100030,347476,1600730,4680695,1150,6511,0,0,0,0
DL,2020,November,183668,570374,180839,528315,1607370,6288065,2663,9174,0,0,0,0
DL,2020,December,54995,625369,81007,609322,2371765,8659830,1362,10536,0,0,0,0
DL,2021,January,9727,635096,13560,622882,2081596,10741426,317,10853,56818,56818,0,0
DL,2021,February,4193,639289,4162,627044,1639273,12380699,57,10910,316088,372906,37053,37053
DL,2021,March,23141,662430,15521,642565,2194963,14575662,117,11027,641293,1014199,214400,251453
DL,2021,April,486903,1149333,391260,1033825,2576123,17151785,5120,16147,1567597,2581796,438879,690332
DL,2021,May,276907,1426240,357138,1390963,2150495,19302280,8090,24237,1603276,4185072,534002,1224334
DL,2021,June,7948,1434188,16869,1407832,2180824,21483104,740,24977,1903809,6088881,580321,1804655
DL,2021,July,2077,1436265,2799,1410631,2183133,23666237,76,25053,1337691,7426572,862602,2667257
DL,2021,August,1499,1437764,1702,1412333,2012565,25678802,29,25082,2230866,9657438,1193880,3861137
DL,2021,September,1104,1438868,1048,1413381,1990057,27668859,5,25087,2411294,12068732,1949439,5810576
DL,2021,October,1002,1439870,1050,1414431,1758894,29427753,4,25091,986904,13055636,1614828,7425404
DN,2020,April,0,0,0,0,3464,3464,0,0,0,0,0,0
DN,2020,May,2,2,1,1,8013,11477,0,0,0,0,0,0
DN,2020,June,211,213,81,82,20554,32031,0,0,0,0,0,0
DN,2020,July,936,1149,643,725,10372,42403,2,2,0,0,0,0
DN,2020,August,1218,2367,1356,2081,11791,54194,0,2,0,0,0,0
DN,2020,September,673,3040,821,2902,11759,65953,0,2,0,0,0,0
DN,2020,October,209,3249,279,3181,6457,72410,0,2,0,0,0,0
DN,2020,November,78,3327,96,3277,0,72410,0,2,0,0,0,0
DN,2020,December,37,3364,43,3320,0,72410,0,2,0,0,0,0
DN,2021,January,16,3380,22,3342,0,72410,0,2,1083,1083,0,0
DN,2021,February,8,3388,11,3353,0,72410,0,2,6640,7723,719,719
DN,2021,March,240,3628,80,3433,0,72410,0,2,15896,23619,3728,4447
DN,2021,April,4033,7661,2113,5546,0,72410,2,4,55739,79358,11691,16138
DN,2021,May,2619,10280,4400,9946,0,72410,0,4,90697,170055,9836,25974
DN,2021,June,283,10563,538,10484,0,72410,0,4,217027,387082,14260,40234
DN,2021,July,90,10653,105,10589,0,72410,0,4,169543,556625,34583,74817
DN,2021,August,13,10666,38,10627,0,72410,0,4,60556,617181,66332,141149
DN,2021,September,7,10673,11,10638,0,72410,0,4,28638,645819,135342,276491
DN,2021,October,8,10681,6,10644,0,72410,0,4,14934,660753,93764,370255
GA,2020,March,5,5,0,0,0,0,0,0,0,0,0,0
GA,2020,April,2,7,7,7,2031,2031,0,0,0,0,0,0
GA,2020,May,64,71,37,44,17460,19491,0,0,0,0,0,0
GA,2020,June,1244,1315,552,596,47000,66491,3,3,0,0,0,0
GA,2020,July,4598,5913,3615,4211,64827,131318,42,45,0,0,0,0
GA,2020,August,11505,17418,9366,13577,67906,199224,147,192,0,0,0,0
GA,2020,September,16000,33418,14548,28125,55577,254801,236,428,0,0,0,0
GA,2020,October,10208,43626,12553,40678,45747,300548,176,604,0,0,0,0
GA,2020,November,4337,47963,5262,45940,48323,348871,84,688,0,0,0,0
GA,2020,December,3103,51066,3448,49388,50335,399206,51,739,0,0,0,0
GA,2021,January,2343,53409,2503,51891,51470,450676,29,768,4117,4117,0,0
GA,2021,February,1577,54986,1694,53585,42691,493367,27,795,14605,18722,2072,2072
GA,2021,March,3053,58039,2068,55653,51285,544652,35,830,78598,97320,16358,18430
GA,2021,April,33013,91052,11286,66939,108164,652816,338,1168,179805,277125,54163,72593
GA,2021,May,64614,155666,73315,140254,170121,822937,1481,2649,156709,433834,22507,95100
GA,2021,June,11023,166689,21107,161361,99323,922260,405,3054,383780,817614,21466,116566
GA,2021,July,4457,171146,5580,166941,133924,1056184,93,3147,240409,1058023,156036,272602
GA,2021,August,2809,173955,2936,169877,152633,1208817,54,3201,108184,1166207,147757,420359
GA,2021,September,2476,176431,2384,172261,144672,1353489,113,3314,59575,1225782,278541,698900
GA,2021,October,1677,178108,2131,174392,114910,1468399,50,3364,36786,1262568,212214,911114
GJ,2020,March,74,74,5,5,0,0,6,6,0,0,0,0
GJ,2020,April,4321,4395,608,613,64007,64007,208,214,0,0,0,0
GJ,2020,May,12399,16794,9306,9919,147923,211930,824,1038,0,0,0,0
GJ,2020,June,15849,32643,13751,23670,161683,373613,810,1848,0,0,0,0
GJ,2020,July,28795,61438,21237,44907,391164,764777,593,2441,0,0,0,0
GJ,2020,August,34997,96435,32975,77882,1567059,2331836,581,3022,0,0,0,0
GJ,2020,September,40959,137394,39449,117331,2086192,4418028,431,3453,0,0,0,0
GJ,2020,October,35550,172944,38888,156219,1635819,6053847,266,3719,0,0,0,0
GJ,2020,November,36836,209780,34702,190921,1771768,7825615,270,3989,0,0,0,0
GJ,2020,December,35258,245038,40072,230993,1827165,9652780,317,4306,0,0,0,0
GJ,2021,January,16502,261540,22810,253803,1160891,10813671,81,4387,247891,247891,0,0
GJ,2021,February,8349,269889,9313,263116,926175,11739846,23,4410,585831,833722,167448,167448
GJ,2021,March,37809,307698,27453,290569,1757331,13497177,109,4519,4190690,5024412,508314,675762
GJ,2021,April,260079,567777,127979,418548,4542779,18039956,2664,7183,4941486,9965898,1816848,2492610
GJ,2021,May,241392,809169,348443,766991,3719258,21759214,2650,9833,2992940,12958838,1652339,4144949
GJ,2021,June,14354,823523,43460,810451,1931086,23690300,226,10059,7112148,20070986,1476287,5621236
GJ,2021,July,1354,824877,4098,814549,1864591,25554891,17,10076,5379920,25450906,2320886,7942122
GJ,2021,August,545,825422,642,815191,1881584,27436475,5,10081,9245930,34696836,3745492,11687614
GJ,2021,September,514,825936,505,815696,1896797,29333272,1,10082,7325474,42022310,7315475,19003089
GJ,2021,October,641,826577,587,816283,1594791,30928063,7,10089,2712907,44735217,6969298,25972387
HP,2020,March,3,3,1,1,0,0,1,1,0,0,0,0
HP,2020,April,37,40,27,28,6133,6133,1,2,0,0,0,0
HP,2020,May,291,331,88,116,31035,37168,4,6,0,0,0,0
HP,2020,June,622,953,459,575,42331,79499,3,9,0,0,0,0
HP,2020,July,1611,2564,884,1459,65655,145154,4,13,0,0,0,0
HP,2020,August,3552,6116,3014,4473,69028,214182,24,37,0,0,0,0
HP,2020,September,8860,14976,6897,11370,81725,295907,144,181,0,0,0,0
HP,2020,October,7083,22059,7468,18838,97595,393502,131,312,0,0,0,0
HP,2020,November,18459,40518,12710,31548,135853,529355,323,635,0,0,0,0
HP,2020,December,14759,55277,20144,51692,242666,772021,287,922,0,0,0,0
HP,2021,January,2259,57536,4471,56163,159379,931400,45,967,27734,27734,0,0
HP,2021,February,1109,58645,1169,57332,163309,1094709,15,982,73770,101504,20924,71322
HP,2021,March,4960,63605,2249,59581,165803,1260512,53,1035,338273,439777,71352,92276
HP,2021,April,35682,99287,19729,79310,249056,1509568,449,1484,1101494,1541271,159855,252131
HP,2021,May,91043,190330,94250,173560,412643,1922211,1643,3127,481235,2022506,181490,433621
HP,2021,June,11793,202123,23446,197006,515943,2438154,336,3463,1328995,3351501,81165,514786
HP,2021,July,3904,206027,4264,201270,396277,2834431,42,3505,617119,3968620,758738,1273524
HP,2021,August,7521,213548,7035,208305,362615,3197046,77,3582,1524318,5492938,475594,1749118
HP,2021,September,5513,219061,5385,213690,273446,3470492,78,3660,168841,5661779,981989,2731107
HP,2021,October,5045,224106,4720,218410,214519,3685011,78,3738,51916,5713695,712716,3443823
HR,2020,March,43,43,24,24,0,0,0,0,0,0,0,0
HR,2020,April,296,339,211,235,28202,28202,4,4,0,0,0,0
HR,2020,May,1752,2091,813,1048,89936,118138,16,20,0,0,0,0
HR,2020,June,12457,14548,8924,9972,146065,264203,216,236,0,0,0,0
HR,2020,July,20417,34965,18255,28227,348388,612591,185,421,0,0,0,0
HR,2020,August,29767,64732,24445,52672,537535,1150126,268,689,0,0,0,0
HR,2020,September,63867,128599,60205,112877,770055,1920181,693,1382,0,0,0,0
HR,2020,October,38611,167210,40353,153230,740375,2660556,407,1789,0,0,0,0
HR,2020,November,66916,234126,60106,213336,910985,3571541,639,2428,0,0,0,0
HR,2020,December,28199,262325,42517,255853,982615,4554156,477,2905,0,0,0,0
HR,2021,January,5572,267897,7911,263764,618174,5172330,113,3018,125977,125977,0,0
HR,2021,February,2887,270784,2697,266461,497654,5669984,30,3048,95864,221841,71983,71983
HR,2021,March,20016,290800,11458,277919,586202,6256186,107,3155,1215935,1437776,81840,153823
HR,2021,April,197178,487978,108281,386200,1138264,7394450,1061,4216,1761337,3199113,405579,559402
HR,2021,May,268657,756635,343552,729752,1655856,9050306,4087,8303,1692613,4891726,436443,995845
HR,2021,June,12004,768639,28019,757771,988861,10039167,1128,9431,2542033,7433759,427294,1423139
HR,2021,July,1274,769913,1795,759566,834914,10874081,204,9635,1926395,9360154,1086567,2509706
HR,2021,August,573,770486,609,760175,810819,11684900,42,9677,2894209,12254363,1614846,4124552
HR,2021,September,386,770872,551,760726,738040,12422940,197,9874,4352965,16607328,2199628,6324180
HR,2021,October,380,771252,342,761068,609564,13032504,175,10049,1165048,17772376,1791283,8115463
JH,2020,March,1,1,0,0,0,0,0,0,0,0,0,0
JH,2020,April,109,110,19,19,10987,10987,3,3,0,0,0,0
JH,2020,May,525,635,237,256,54899,65886,2,5,0,0,0,0
JH,2020,June,1855,2490,1628,1884,76755,142641,10,15,0,0,0,0
JH,2020,July,8824,11314,2459,4343,151835,294476,91,106,0,0,0,0
JH,2020,August,30342,41656,22800,27143,618789,913265,311,417,0,0,0,0
JH,2020,September,41995,83651,44199,71342,1337174,2250439,296,713,0,0,0,0
JH,2020,October,18110,101761,24233,95575,1111955,3362394,171,884,0,0,0,0
JH,2020,November,7390,109151,10596,106171,816521,4178915,80,964,0,0,0,0
JH,2020,December,5962,115113,6253,112424,620325,4799240,66,1030,0,0,0,0
JH,2021,January,3579,118692,4643,117067,417879,5217119,42,1072,40860,40860,0,0
JH,2021,February,1258,119950,1298,118365,311395,5528514,18,1090,243511,284371,23837,23837
JH,2021,March,4252,124202,1899,120264,352692,5881206,23,1113,1084899,1369270,203326,227163
JH,2021,April,109209,233411,52771,173035,1040061,6921267,1547,2660,1266720,2635990,250971,478134
JH,2021,May,104363,337774,150841,323876,1569707,8490974,2331,4991,847419,3483409,231890,710024
JH,2021,June,7836,345610,15707,339583,1492697,9983671,122,5113,2306838,5790247,354276,1064300
JH,2021,July,1563,347173,2210,341793,1677444,11661115,15,5128,2039740,7829987,749773,1814073
JH,2021,August,694,347867,812,342605,1692941,13354056,4,5132,2505948,10335935,800211,2614284
JH,2021,September,359,348226,403,343008,1447805,14801861,3,5135,3281359,13617294,1491951,4106235
JH,2021,October,538,348764,510,343518,1184017,15985878,3,5138,1369352,14986646,1479413,5585648
JK,2020,March,55,55,1,1,0,0,2,2,0,0,0,0
JK,2020,April,559,614,215,216,19746,19746,6,8,0,0,0,0
JK,2020,May,1832,2446,711,927,151299,171045,20,28,0,0,0,0
JK,2020,June,5051,7497,3795,4722,194013,365058,73,101,0,0,0,0
JK,2020,July,12862,20359,7495,12217,272457,637515,276,377,0,0,0,0
JK,2020,August,17339,37698,16798,29015,328897,966412,326,703,0,0,0,0
JK,2020,September,37372,75070,27857,56872,656363,1622775,478,1181,0,0,0,0
JK,2020,October,19715,94785,30016,86888,681179,2303954,297,1478,0,0,0,0
JK,2020,November,15439,110224,16677,103565,710923,3014877,216,1694,0,0,0,0
JK,2020,December,10747,120971,12514,116079,807797,3822674,189,1883,0,0,0,0
JK,2021,January,3535,124506,5743,121822,721713,4544387,53,1936,26634,26634,0,0
JK,2021,February,1935,126441,1839,123661,657278,5201665,21,1957,214183,240817,16255,16255
JK,2021,March,4519,130960,2774,126435,849922,6051587,37,1994,416168,656985,130584,146839
JK,2021,April,45123,176083,19006,145441,1216934,7268521,289,2283,1318123,1975108,226316,373155
JK,2021,May,114382,290465,106022,251463,1298638,8567159,1624,3907,779229,2754337,172919,546074
JK,2021,June,25197,315662,55276,306739,1393519,9960678,416,4323,1090955,3845292,134796,680870
JK,2021,July,5800,321462,9169,315908,1758298,11718976,55,4378,1108056,4953348,629286,1310156
JK,2021,August,3957,325419,3773,319681,1654151,13373127,30,4408,1298772,6252120,537915,1848071
JK,2021,September,4011,329430,3982,323663,1481249,14854376,14,4422,1687326,7939446,1692711,3540782
JK,2021,October,2819,332249,3252,326915,1347970,16202346,10,4432,1571627,9511073,1608689,5149471
KA,2020,March,101,101,8,8,0,0,3,3,0,0,0,0
KA,2020,April,464,565,221,229,60156,60156,19,22,0,0,0,0
KA,2020,May,2656,3221,989,1218,233419,293575,27,49,0,0,0,0
KA,2020,June,12021,15242,6702,7920,327172,620747,197,246,0,0,0,0
KA,2020,July,108873,124115,41868,49788,730045,1350792,2068,2314,0,0,0,0
KA,2020,August,218308,342423,199679,249467,1545015,2895807,3388,5702,0,0,0,0
KA,2020,September,259344,601767,235801,485268,2005276,4901083,3162,8864,0,0,0,0
KA,2020,October,221645,823412,271940,757208,3004785,7905868,2304,11168,0,0,0,0
KA,2020,November,61485,884897,92613,849821,3195765,11101633,610,11778,0,0,0,0
KA,2020,December,34599,919496,46295,896116,2976525,14078158,312,12090,0,0,0,0
KA,2021,January,19891,939387,25006,921122,2955772,17033930,127,12217,315370,315370,0,0
KA,2021,February,11864,951251,11975,933097,1762845,18796775,114,12331,289584,604954,213768,213768
KA,2021,March,45753,997004,23073,956170,2614451,21411226,236,12567,2769814,3374768,222471,436239
KA,2021,April,526138,1523142,168739,1124909,4185765,25596991,2956,15523,4716831,8091599,1115634,1551873
KA,2021,May,1081289,2604431,1136681,2261590,4139969,29736960,13567,29090,2832414,10924013,1201692,2753565
KA,2021,June,239379,2843810,470652,2732242,4532767,34269727,5950,35040,8049253,18973266,985848,3739413
KA,2021,July,61314,2905124,112500,2844742,4379771,38649498,1522,36562,5022887,23996153,2796258,6535671
KA,2021,August,44321,2949445,48973,2893715,4825040,43474538,756,37318,8058589,32054742,3825451,10361122
KA,2021,September,26555,2976000,31682,2925397,4144481,47619019,476,37794,7205165,39259907,6816670,17177792
KA,2021,October,12333,2988333,16181,2941578,3254084,50873103,288,38082,3237854,42497761,5680592,22858384
KL,2020,January,1,1,0,0,0,0,0,0,0,0,0,0
KL,2020,February,2,3,3,3,0,0,0,0,0,0,0,0
KL,2020,March,238,241,21,24,0,0,2,2,0,0,0,0
KL,2020,April,257,498,359,383,27481,27481,2,4,0,0,0,0
KL,2020,May,772,1270,207,590,50027,77508,6,10,0,0,0,0
KL,2020,June,3173,4443,1716,2306,154062,231570,15,25,0,0,0,0
KL,2020,July,19171,23614,10721,13027,544698,776268,49,74,0,0,0,0
KL,2020,August,51772,75386,38515,51542,908935,1685203,221,295,0,0,0,0
KL,2020,September,120721,196107,76682,128224,1240573,2925776,448,743,0,0,0,0
KL,2020,October,236999,433106,212100,340324,1719273,4645049,742,1485,0,0,0,0
KL,2020,November,169877,602983,198389,538713,1617427,6262476,760,2245,0,0,0,0
KL,2020,December,157951,760934,153767,692480,1649458,7911934,828,3073,0,0,0,0
KL,2021,January,168245,929179,161726,854206,1713979,9625913,671,3744,165171,165171,0,0
KL,2021,February,130225,1059404,151291,1005497,1850371,11476284,454,4198,317274,482445,104866,104866
KL,2021,March,65181,1124585,88907,1094404,1682580,13158864,424,4622,2532662,3015107,281945,386811
KL,2021,April,446599,1571184,167397,1261801,2640660,15799524,687,5309,3036304,6051411,938964,1325775
KL,2021,May,955396,2526580,1048242,2310043,3996404,19795928,3507,8816,1282805,7334216,742745,2068520
KL,2021,June,397586,2924166,499544,2809587,3277741,23073669,4420,13236,3508385,10842601,1185703,3254223
KL,2021,July,466595,3390761,399382,3208969,4143341,27217010,3545,16781,3317909,14160510,2805651,6059874
KL,2021,August,666472,4057233,608035,3817004,4335671,31552681,4007,20788,7125955,21286465,1745725,7805599
KL,2021,September,623625,4680858,695658,4512662,3762997,35315678,4299,25087,3409087,24695552,3137788,10943387
KL,2021,October,287799,4968657,344519,4857181,2570700,37886378,6594,31681,610947,25306499,2714956,13658343
LA,2020,March,13,13,3,3,0,0,0,0,0,0,0,0
LA,2020,April,9,22,14,17,2245,2245,0,0,0,0,0,0
LA,2020,May,55,77,30,47,5109,7354,0,0,0,0,0,0
LA,2020,June,896,973,601,648,6532,13886,1,1,0,0,0,0
LA,2020,July,431,1404,447,1095,5579,19465,6,7,0,0,0,0
LA,2020,August,1277,2681,779,1874,11572,31037,27,34,0,0,0,0
LA,2020,September,1588,4269,1273,3147,22721,53758,24,58,0,0,0,0
LA,2020,October,2001,6270,2392,5539,18578,72336,17,75,0,0,0,0
LA,2020,November,2145,8415,1950,7489,20741,93077,42,117,0,0,0,0
LA,2020,December,1051,9466,1654,9143,12540,105617,10,127,0,0,0,0
LA,2021,January,254,9720,380,9523,4451,110068,3,130,1128,1128,0,0
LA,2021,February,98,9818,112,9635,0,110068,0,130,8098,9226,829,829
LA,2021,March,339,10157,136,9771,0,110068,0,130,30290,39516,5665,6494
LA,2021,April,3812,13969,2605,12376,90243,200311,13,143,35145,74661,27358,33852
LA,2021,May,4693,18662,4483,16859,61926,262237,46,189,47586,122247,3438,37290
LA,2021,June,1411,20073,2733,19592,93397,355634,13,202,48655,170902,18744,56034
LA,2021,July,265,20338,483,20075,80263,435897,5,207,16491,187393,11620,67654
LA,2021,August,222,20560,209,20284,57734,493631,0,207,6293,193686,34336,101990
LA,2021,September,243,20803,244,20528,43843,537474,0,207,11598,205284,35953,137943
LA,2021,October,159,20962,159,20687,18094,578704,1,208,3514,208798,14337,152280
LD,2021,January,87,87,49,49,2328,2328,0,0,807,807,0,0
LD,2021,February,295,382,208,257,28879,31207,1,1,1561,2368,710,710
LD,2021,March,341,723,418,675,17270,48477,0,1,2461,4829,1420,2130
LD,2021,April,2044,2767,755,1430,27236,75713,3,4,14114,18943,2067,4197
LD,2021,May,5310,8077,4786,6216,58903,134616,29,33,7784,26727,2749,6946
LD,2021,June,1693,9770,3156,9372,47125,181741,15,48,20052,46779,975,7921
LD,2021,July,419,10189,643,10015,36208,217949,2,50,3621,50400,8063,15984
LD,2021,August,158,10347,208,10223,21575,239524,1,51,2199,52599,7830,23814
LD,2021,September,14,10361,42,10265,15271,254795,0,51,2219,54818,17771,41585
LD,2021,October,4,10365,5,10270,8746,263541,0,51,311,55129,4366,45951
MH,2020,March,302,302,39,39,0,0,11,11,0,0,0,0
MH,2020,April,10196,10498,1734,1773,135694,135694,448,459,0,0,0,0
MH,2020,May,57157,67655,27556,29329,327483,463177,1827,2286,0,0,0,0
MH,2020,June,107106,174761,61582,90911,506984,970161,5569,7855,0,0,0,0
MH,2020,July,247357,422118,165247,256158,1163559,2133720,7139,14994,0,0,0,0
MH,2020,August,370423,792541,317401,573559,2011403,4145123,9589,24583,0,0,0,0
MH,2020,September,591905,1384446,514763,1088322,2640082,6785205,12079,36662,0,0,0,0
MH,2020,October,293960,1678406,422031,1510353,2182198,8967403,7249,43911,0,0,0,0
MH,2020,November,145490,1823896,174769,1685122,1888981,10856384,3240,47151,0,0,0,0
MH,2020,December,108216,1932112,143424,1828546,1891249,12747633,2370,49521,0,0,0,0
MH,2021,January,94287,2026399,100459,1929005,1869535,14617168,1561,51082,269064,269064,0,0
MH,2021,February,128671,2155070,95699,2024704,1667444,16284612,1072,52154,772883,1041947,160233,160233
MH,2021,March,657910,2812980,376023,2400727,3507531,19792143,2495,54649,4412667,5454614,594490,754723
MH,2021,April,1789492,4602472,1468249,3868976,7314139,27106282,14164,68813,8107534,13562148,1867952,2622675
MH,2021,May,1144420,5746892,1526394,5395370,7948772,35055054,26531,95344,4443642,18005790,1947016,4569691
MH,2021,June,314512,6061404,424531,5819901,6582896,41637950,26601,121945,8062129,26067919,1802155,6371846
MH,2021,July,242311,6303715,270885,6090786,6329659,47967609,10846,132791,7313545,33381464,4829411,11201257
MH,2021,August,161161,6464876,182014,6272800,6009277,53976886,4522,137313,9687204,43068668,4795907,15997164
MH,2021,September,85980,6550856,98928,6371728,4763088,58884819,1754,139067,14564360,57633028,8264773,24261937
MH,2021,October,60222,6611078,78857,6450585,3927237,62667211,1149,140216,9565766,67198794,6713755,30975692
ML,2020,April,12,12,0,0,1595,1595,1,1,0,0,0,0
ML,2020,May,15,27,12,12,6186,7781,0,1,0,0,0,0
ML,2020,June,26,53,30,42,11513,19294,0,1,0,0,0,0
ML,2020,July,770,823,173,215,16278,35572,4,5,0,0,0,0
ML,2020,August,1545,2368,947,1162,53391,88963,5,10,0,0,0,0
ML,2020,September,3271,5639,2813,3975,61846,150809,39,49,0,0,0,0
ML,2020,October,3813,9452,4370,8345,51247,202056,39,88,0,0,0,0
ML,2020,November,2358,11810,2591,10936,39575,241631,23,111,0,0,0,0
ML,2020,December,1598,13408,2149,13085,50328,291959,28,139,0,0,0,0
ML,2021,January,356,13764,465,13550,42754,334713,7,146,4324,4324,0,0
ML,2021,February,198,13962,247,13797,34549,369262,2,148,26141,30465,1726,1726
ML,2021,March,103,14065,69,13866,33309,402571,2,150,41140,71605,28145,29871
ML,2021,April,2781,16846,1217,15083,58999,461570,21,171,159180,230785,30070,59941
ML,2021,May,18752,35598,13024,28107,113431,575001,407,578,160572,391357,14399,74340
ML,2021,June,13915,49513,16352,44459,123097,698098,260,838,228388,619745,5141,79481
ML,2021,July,15487,65000,13490,57949,146375,844473,247,1085,271097,890842,118958,198439
ML,2021,August,10836,75836,14250,72199,124685,969158,226,1311,134752,1025594,110815,309254
ML,2021,September,5454,81290,6068,78267,105241,1074399,93,1404,46028,1071622,162458,471712
ML,2021,October,2337,83627,3479,81746,77266,1151665,46,1450,31653,1103275,170107,641819
MN,2020,March,1,1,0,0,0,0,0,0,0,0,0,0
MN,2020,April,1,2,2,2,459,459,0,0,0,0,0,0
MN,2020,May,69,71,9,11,8137,8596,0,0,0,0,0,0
MN,2020,June,1163,1234,542,553,41286,49882,0,0,0,0,0,0
MN,2020,July,1387,2621,1136,1689,35559,85441,5,5,0,0,0,0
MN,2020,August,3633,6254,2641,4330,69775,155216,23,28,0,0,0,0
MN,2020,September,4731,10985,4130,8460,86432,241648,39,67,0,0,0,0
MN,2020,October,7519,18504,6402,14862,110305,351953,101,168,0,0,0,0
MN,2020,November,6543,25047,6704,21566,68389,420342,113,281,0,0,0,0
MN,2020,December,3143,28190,5112,26678,54182,474524,74,355,0,0,0,0
MN,2021,January,880,29070,1875,28553,40598,515122,16,371,3987,3987,0,0
MN,2021,February,203,29273,314,28867,34618,549740,2,373,48433,52420,2545,2545
MN,2021,March,127,29400,89,28956,26400,576140,1,374,33911,86331,31962,34507
MN,2021,April,2186,31586,808,29764,38304,614444,31,405,102828,189159,26648,61155
MN,2021,May,19165,50751,11389,41153,102982,717426,402,807,198314,387473,9290,70445
MN,2021,June,19039,69790,21475,62628,184573,901999,343,1150,193788,581261,3696,74141
MN,2021,July,28709,98499,23775,86403,184941,1086940,406,1556,530835,1112096,131402,205543
MN,2021,August,15434,113933,22351,108754,124521,1211461,226,1782,82406,1194502,132198,337741
MN,2021,September,6651,120584,7712,116466,89461,1300922,73,1855,29124,1223626,141538,479279
MN,2021,October,3147,123731,4636,121102,66751,1367673,66,1921,25810,1249436,240134,719413
MP,2020,March,66,66,0,0,0,0,5,5,0,0,0,0
MP,2020,April,2559,2625,482,482,41712,41712,132,137,0,0,0,0
MP,2020,May,5464,8089,4360,4842,126096,167808,213,350,0,0,0,0
MP,2020,June,5504,13593,5553,10395,197659,365467,222,572,0,0,0,0
MP,2020,July,18213,31806,11876,22271,402104,767571,295,867,0,0,0,0
MP,2020,August,32159,63965,26386,48657,609856,1377427,527,1394,0,0,0,0
MP,2020,September,64082,128047,56077,104734,657707,2035134,922,2316,0,0,0,0
MP,2020,October,43312,171359,54745,159479,899180,2934314,635,2951,0,0,0,0
MP,2020,November,34769,206128,28618,188097,816817,3751131,309,3260,0,0,0,0
MP,2020,December,35663,241791,40734,228831,890517,4641648,346,3606,0,0,0,0
MP,2021,January,13321,255112,19806,248637,720257,5361905,204,3810,298376,298376,0,0
MP,2021,February,6654,261766,6480,255117,424113,5786018,54,3864,352308,650684,160632,160632
MP,2021,March,33745,295511,19312,274429,603046,6389064,122,3986,2205175,2855859,340175,500807
MP,2021,April,267816,563327,192486,466915,1358648,7747712,1630,5616,4167173,7023032,555689,1056496
MP,2021,May,216703,780030,281658,748573,2148735,9896447,2451,8067,2352024,9375056,735752,1792248
MP,2021,June,9774,789804,31692,780265,2179295,12075742,902,8969,8542748,17917804,604143,2396391
MP,2021,July,2024,791828,928,781193,2351614,14427356,1544,10513,9089921,27007725,2776277,5172668
MP,2021,August,347,792175,387,781580,2159911,16587267,3,10516,11287753,38295478,3059222,8231890
MP,2021,September,356,792531,307,781887,1967378,18554645,6,10522,10132608,48428086,6956520,15188410
MP,2021,October,323,792854,328,782215,1739580,20294225,2,10524,1483852,49911938,5649635,20838045
MZ,2020,March,1,1,0,0,0,0,0,0,0,0,0,0
MZ,2020,April,0,1,0,0,180,180,0,0,0,0,0,0
MZ,2020,May,0,1,1,1,597,777,0,0,0,0,0,0
MZ,2020,June,159,160,121,122,12969,13746,0,0,0,0,0,0
MZ,2020,July,248,408,125,247,7372,21118,0,0,0,0,0,0
MZ,2020,August,603,1011,342,589,19679,40797,0,0,0,0,0,0
MZ,2020,September,975,1986,1009,1598,37694,78491,0,0,0,0,0,0
MZ,2020,October,736,2722,693,2291,33725,112216,1,1,0,0,0,0
MZ,2020,November,1103,3825,1208,3499,37903,150119,4,5,0,0,0,0
MZ,2020,December,379,4204,599,4098,29475,179594,3,8,0,0,0,0
MZ,2021,January,168,4372,232,4330,27709,207303,1,9,9346,9346,0,0
MZ,2021,February,51,4423,63,4393,24757,232060,1,10,12651,21997,5659,5659
MZ,2021,March,50,4473,41,4434,20340,252400,1,11,30862,52859,8148,13807
MZ,2021,April,1546,6019,492,4926,51522,303922,4,15,158504,211363,30926,44733
MZ,2021,May,6068,12087,4288,9214,85829,389751,25,40,52760,264123,6384,51117
MZ,2021,June,7988,20075,6974,16188,88689,483597,53,93,254563,518686,3252,54369
MZ,2021,July,17989,38064,10199,26387,137783,616223,55,148,125135,643821,142584,196953
MZ,2021,August,21055,59119,23783,50170,236631,852854,69,217,26452,670273,40521,237474
MZ,2021,September,34541,93660,27934,78104,237519,1090373,92,309,26661,696934,203820,441294
MZ,2021,October,27699,121359,36508,114612,208071,1298444,123,432,14663,711597,70735,512029
NL,2020,April,0,0,0,0,653,653,0,0,0,0,0,0
NL,2020,May,43,43,0,0,1923,2576,0,0,0,0,0,0
NL,2020,June,416,459,168,168,13987,16563,0,0,0,0,0,0
NL,2020,July,1234,1693,467,635,21332,37895,4,5,0,0,0,0
NL,2020,August,2257,3950,2423,3058,22970,60865,4,8,0,0,0,0
NL,2020,September,2213,6163,1967,5025,18848,79713,4,12,0,0,0,0
NL,2020,October,2884,9047,2350,7375,18558,98271,27,39,0,0,0,0
NL,2020,November,2139,11186,2711,10086,14775,124809,25,64,0,0,0,0
NL,2020,December,741,11927,1428,11514,7200,120246,15,79,0,0,0,0
NL,2021,January,167,12094,292,11806,4699,124945,9,88,3993,3993,0,0
NL,2021,February,106,12200,143,11949,5320,130265,3,91,25813,29806,5497,5497
NL,2021,March,140,12340,31,11980,6096,136361,0,91,33667,63473,18277,23774
NL,2021,April,1636,13976,244,12224,10576,146937,13,104,95126,158599,16441,40215
NL,2021,May,7704,21680,3514,15738,45316,192253,259,363,58371,216970,11727,51942
NL,2021,June,3559,25239,6961,22699,34422,226675,132,495,223374,440344,7932,59874
NL,2021,July,2633,27872,2494,25193,37028,263703,71,566,176870,617214,89359,149233
NL,2021,August,2211,30083,2569,27762,57206,320909,54,762,37823,655037,52665,201898
NL,2021,September,1161,31244,1465,29227,51586,379913,45,665,31871,686908,164887,366785
NL,2021,October,598,31842,677,29904,22921,395416,20,685,22645,709553,123878,490663
OR,2020,March,4,4,0,0,0,0,0,0,0,0,0,0
OR,2020,April,139,143,41,41,31696,31696,1,1,0,0,0,0
OR,2020,May,1805,1948,1085,1126,120435,152131,8,9,0,0,0,0
OR,2020,June,5117,7065,4063,5189,113300,265431,23,32,0,0,0,0
OR,2020,July,24812,31877,15329,20518,249142,514573,182,214,0,0,0,0
OR,2020,August,71659,103536,56768,77286,1274860,1789433,331,545,0,0,0,0
OR,2020,September,115583,219119,108414,185700,1461566,3250999,350,895,0,0,0,0
OR,2020,October,70997,290116,90049,275749,1304816,4555815,478,1373,0,0,0,0
OR,2020,November,28609,318725,36316,312065,1348755,5904570,419,1792,0,0,0,0
OR,2020,December,10896,329621,13367,325432,1042395,6946965,134,1926,0,0,0,0
OR,2021,January,5451,335072,6671,332103,762641,7709606,33,1959,206424,206424,0,0
OR,2021,February,2119,337191,2468,334571,612035,8321641,10,1969,254130,460554,158267,158267
OR,2021,March,3726,340917,2520,337091,722331,9043972,5,1974,1538793,1999347,253407,411674
OR,2021,April,103277,444194,48323,385414,1042684,10086656,122,2096,2929484,4928831,517226,928900
OR,2021,May,320803,764997,295518,680932,1686416,11773072,711,2807,1450097,6378928,548193,1477093
OR,2021,June,144803,909800,196608,877540,1986798,13759870,1264,4071,3489351,9868279,671156,2148249
OR,2021,July,67468,977268,79288,956828,2262807,16022677,1884,5955,2838041,12706320,1768317,3916566
OR,2021,August,30482,1007750,36407,993235,2046955,18069632,2067,8022,4179156,16885476,1506533,5423099
OR,2021,September,18726,1026476,19907,1013142,1899154,19968786,229,8251,5347740,22233216,3102061,8525160
OR,2021,October,14981,1041457,16005,1029147,2025557,21994343,135,8386,3503425,25736641,3035752,11560912
PB,2020,March,42,42,1,1,0,0,4,4,0,0,0,0
PB,2020,April,438,480,103,104,21205,21205,16,20,0,0,0,0
PB,2020,May,1783,2263,1883,1987,66647,87852,25,45,0,0,0,0
PB,2020,June,3305,5568,1880,3867,213978,301830,99,144,0,0,0,0
PB,2020,July,10551,16119,6867,10734,280743,582573,242,386,0,0,0,0
PB,2020,August,37873,53992,26293,37027,480094,1062667,1067,1453,0,0,0,0
PB,2020,September,59894,113886,56639,93666,779288,1841955,1953,3406,0,0,0,0
PB,2020,October,19772,133658,31532,125198,762253,2604208,797,4203,0,0,0,0
PB,2020,November,18433,152091,14244,139442,588958,3193166,604,4807,0,0,0,0
PB,2020,December,14431,166522,18054,157496,707307,3900473,534,5341,0,0,0,0
PB,2021,January,6754,173276,8037,165533,582144,4482617,274,5615,57499,57499,0,0
PB,2021,February,8900,182176,6179,171712,516773,4999390,217,5832,96950,154449,36351,36351
PB,2021,March,57558,239734,37322,209034,932706,5932096,1036,6868,581975,736424,69673,106024
PB,2021,April,131239,370973,97119,306153,1289335,7221431,2154,9022,2232922,2969346,319368,425392
PB,2021,May,196634,567607,210471,516624,2034715,9256146,5528,14550,1304861,4274207,345070,770462
PB,2021,June,28002,595609,59799,576423,1640006,10896152,1502,16052,1838155,6112362,232266,1002728
PB,2021,July,3495,599104,5854,582277,1233480,12129632,241,16293,1626025,7738387,962999,1965727
PB,2021,August,1510,600614,1582,583859,1253682,13383314,138,16431,2674617,10413004,1290041,3255768
PB,2021,September,1021,601635,973,584832,1151174,14534488,85,16516,4100160,14513164,1769253,5025021
PB,2021,October,766,602401,759,585591,894927,15429415,43,16559,1429550,15942714,1213952,6238973
PY,2020,March,1,1,0,0,0,0,0,0,0,0,0,0
PY,2020,April,7,8,5,5,2353,2353,0,0,0,0,0,0
PY,2020,May,62,70,20,25,4902,7255,0,0,0,0,0,0
PY,2020,June,644,714,247,272,10026,17281,12,12,0,0,0,0
PY,2020,July,2758,3472,1828,2100,22426,39707,37,49,0,0,0,0
PY,2020,August,10939,14411,7234,9334,36398,76105,179,228,0,0,0,0
PY,2020,September,13133,27544,12740,22074,113463,189568,293,521,0,0,0,0
PY,2020,October,7469,35013,8650,30724,122239,311807,71,592,0,0,0,0
PY,2020,November,1955,36968,5174,35898,93518,405325,18,610,0,0,0,0
PY,2020,December,1164,38132,1217,37115,83126,488451,23,633,0,0,0,0
PY,2021,January,936,39068,1020,38135,90242,578693,15,648,2736,2736,0,0
PY,2021,February,657,39725,737,38872,52134,630827,20,668,7184,9920,1224,1224
PY,2021,March,1743,41468,840,39712,42994,673821,14,682,57115,67035,5906,7130
PY,2021,April,17154,58622,8586,48298,129352,803173,123,805,102416,169451,21209,28339
PY,2021,May,45831,104453,43472,91770,255395,1058568,731,1536,48512,217963,22875,51214
PY,2021,June,12796,117249,21376,113146,257728,1316296,213,1749,222363,440326,15854,67068
PY,2021,July,3666,120915,5012,118158,188010,1504306,46,1795,133846,574172,78460,145528
PY,2021,August,2657,123572,2887,121045,142602,1646908,17,1812,65580,639752,40150,185678
PY,2021,September,2795,126367,2652,123697,149847,1796755,28,1840,61878,701630,130031,315709
PY,2021,October,1646,128013,2029,125726,122305,1919060,17,1857,32292,733922,88646,404355
RJ,2020,March,93,93,3,3,0,0,0,0,0,0,0,0
RJ,2020,April,2491,2584,890,893,103704,103704,58,58,0,0,0,0
RJ,2020,May,6247,8831,5139,6032,306073,409777,136,194,0,0,0,0
RJ,2020,June,9177,18008,8188,14220,414436,824213,219,413,0,0,0,0
RJ,2020,July,24075,42083,15625,29845,702749,1526962,267,680,0,0,0,0
RJ,2020,August,39610,81693,36967,66812,787641,2314603,376,1056,0,0,0,0
RJ,2020,September,53599,135292,46413,113225,804194,3118797,430,1486,0,0,0,0
RJ,2020,October,61701,196993,66759,179984,614083,3732880,421,1907,0,0,0,0
RJ,2020,November,71070,268063,57114,237098,678629,4411509,405,2312,0,0,0,0
RJ,2020,December,40180,308243,58889,295987,853695,5265204,384,2696,0,0,0,0
RJ,2021,January,9248,317491,16577,312564,586533,5851737,70,2766,330797,330797,0,0
RJ,2021,February,2845,320336,3677,316241,452728,6304465,21,2787,467650,798447,224760,224760
RJ,2021,March,12813,333149,5427,321668,604416,6908881,31,2818,4200709,4999156,497396,722156
RJ,2021,April,264852,598001,95609,417277,1756101,8664982,1421,4239,5798229,10797385,1502781,2224937
RJ,2021,May,341957,939958,471642,888919,1926446,10591428,4146,8385,3099781,13897166,891247,3116184
RJ,2021,June,12464,952422,53111,942030,1277265,11868693,536,8921,6853995,20751161,864518,3980702
RJ,2021,July,1245,953667,2435,944465,1066315,12935008,33,8954,4499223,25250384,3518639,7499341
RJ,2021,August,428,954095,579,945044,774166,13709174,0,8954,8644327,33894711,3402773,10902114
RJ,2021,September,232,954327,252,945296,657103,14366277,0,8954,6540860,40435571,4738609,15640723
RJ,2021,October,102,954429,147,945443,441475,14807752,0,8954,2109338,42544909,4456912,20097635
SK,2020,May,1,1,0,0,2925,2925,0,0,0,0,0,0
SK,2020,June,87,88,50,50,7610,10535,0,0,0,0,0,0
SK,2020,July,551,639,181,231,14404,24939,1,1,0,0,0,0
SK,2020,August,1013,1652,994,1225,16331,41270,2,3,0,0,0,0
SK,2020,September,1279,2931,997,2222,8962,50232,34,37,0,0,0,0
SK,2020,October,1009,3940,1313,3535,6334,56566,31,68,0,0,0,0
SK,2020,November,1050,4990,1009,4544,6030,62596,41,109,0,0,0,0
SK,2020,December,899,5889,595,5139,6232,68828,18,127,0,0,0,0
SK,2021,January,201,6090,636,5775,5864,74692,6,133,2020,2020,0,0
SK,2021,February,55,6145,92,5867,4079,78771,2,135,14931,16951,1361,1361
SK,2021,March,90,6235,89,5956,4250,83021,0,135,44411,61362,11018,12379
SK,2021,April,1717,7952,239,6195,10637,93658,12,147,99721,161083,30504,42883
SK,2021,May,7365,15317,4634,10829,25817,119475,106,253,18180,179263,16778,59661
SK,2021,June,5227,20544,7133,17962,44250,163725,54,307,222243,401506,12643,72304
SK,2021,July,6004,26548,4573,22535,36963,200688,37,344,89699,491205,75816,148120
SK,2021,August,3330,29878,5597,28132,30097,230785,26,370,15069,506274,19344,167464
SK,2021,September,1573,31451,2005,30137,18600,249385,17,387,12203,518477,222789,390253
SK,2021,October,528,31979,926,31063,11958,261343,9,396,3286,521763,61256,451509
TG,2020,March,97,97,14,14,0,0,6,6,0,0,0,0
TG,2020,April,941,1038,428,442,19278,19278,22,28,0,0,0,0
TG,2020,May,1660,2698,986,1428,4110,23388,54,82,0,0,0,0
TG,2020,June,13641,16339,5866,7294,65175,88563,178,260,0,0,0,0
TG,2020,July,46364,62703,38094,45388,349019,437582,259,519,0,0,0,0
TG,2020,August,62260,124963,47449,92837,928000,1365582,308,827,0,0,0,0
TG,2020,September,66423,191386,68096,160933,1630419,2996001,300,1127,0,0,0,0
TG,2020,October,47246,238632,57954,218887,1285990,4281991,209,1336,0,0,0,0
TG,2020,November,31184,269816,39449,258336,1171470,5453461,122,1458,0,0,0,0
TG,2020,December,16538,286354,20503,278839,1429233,6882694,83,1541,0,0,0,0
TG,2021,January,8115,294469,11791,290630,978667,7861361,58,1599,168606,168606,0,0
TG,2021,February,4338,298807,4592,295222,839290,8700651,35,1634,121166,289772,130019,130019
TG,2021,March,9082,307889,6005,301227,1450958,10151609,63,1697,776301,1066073,99722,229741
TG,2021,April,127717,435606,54391,355618,2754245,12905854,564,2261,3086611,4152684,398803,628544
TG,2021,May,142745,578351,185368,540986,2270305,15176159,1020,3281,644228,4796912,633377,1261921
TG,2021,June,45159,623510,65475,606461,3495748,18671907,380,3661,4696858,9493770,315789,1577710
TG,2021,July,21441,644951,25619,632080,3334308,22006215,141,3802,1850681,11344451,1910871,3488581
TG,2021,August,13103,658054,16237,648317,2627431,24633646,71,3873,2024639,13369090,1141441,4630022
TG,2021,September,7909,665963,9096,657413,1745889,26379535,45,3918,5280693,18649783,2418607,7048629
TG,2021,October,5500,671463,6085,663498,1190296,27569831,38,3956,3848776,22498559,2723769,9772398
TN,2020,March,124,124,6,6,0,0,1,1,0,0,0,0
TN,2020,April,2199,2323,1252,1258,119748,119748,26,27,0,0,0,0
TN,2020,May,20010,22333,11499,12757,372214,491962,149,176,0,0,0,0
TN,2020,June,67834,90167,37317,50074,678721,1170683,1025,1201,0,0,0,0
TN,2020,July,155692,245859,133882,183956,1487455,2658138,2734,3935,0,0,0,0
TN,2020,August,182182,428041,184185,368141,2155009,4813147,3387,7322,0,0,0,0
TN,2020,September,169561,597602,173678,541819,2540903,7354050,2198,9520,0,0,0,0
TN,2020,October,126920,724522,149417,691236,2602160,9956210,1602,11122,0,0,0,0
TN,2020,November,57393,781915,67970,759206,2103791,12060001,590,11712,0,0,0,0
TN,2020,December,36099,818014,38185,797391,2131493,14191494,410,12122,0,0,0,0
TN,2021,January,20326,838340,24039,821430,1828468,16019962,234,12356,105821,105821,0,0
TN,2021,February,13202,851542,13594,835024,1459610,17479572,140,12496,283075,388896,56432,56432
TN,2021,March,35131,886673,23051,858075,2115796,19595368,223,12719,2368939,2757835,217364,273796
TN,2021,April,280083,1166756,179507,1037582,3067039,22662407,1327,14046,1877612,4635447,1038557,1312353
TN,2021,May,929760,2096516,732921,1770503,5012708,27675115,10186,24232,2426123,7061570,720332,2032685
TN,2021,June,383180,2479696,638383,2408886,5163135,32838250,8387,32619,6011879,13073449,536639,2569324
TN,2021,July,79901,2559597,95919,2504805,4607898,37446148,1457,34076,5891973,18965422,1641872,4211196
TN,2021,August,55275,2614872,58296,2563101,4871775,42317923,845,34921,7165673,26131095,2304820,6516016
TN,2021,September,48917,2663789,47960,2611061,4675919,46993842,657,35578,9880737,36011832,4679262,11195278
TN,2021,October,38834,2702623,43954,2655015,4165400,51159242,538,36116,5267600,41279432,6423863,17619141
TR,2020,April,3,3,2,2,3215,3215,0,0,0,0,0,0
TR,2020,May,313,316,171,173,24260,27475,0,0,0,0,0,0
TR,2020,June,1077,1393,919,1092,37003,64478,1,1,0,0,0,0
TR,2020,July,3603,4996,2235,3327,106356,170834,20,21,0,0,0,0
TR,2020,August,6648,11644,4106,7433,100336,271170,82,103,0,0,0,0
TR,2020,September,14087,25731,12236,19669,117502,388672,171,274,0,0,0,0
TR,2020,October,4983,30714,9186,28855,69708,458380,69,343,0,0,0,0
TR,2020,November,1978,32692,2852,31707,68027,526407,24,367,0,0,0,0
TR,2020,December,569,33261,1021,32728,52316,578723,15,382,0,0,0,0
TR,2021,January,86,33347,187,32915,28255,606978,6,388,29796,29796,0,0
TR,2021,February,57,33404,46,32961,13438,620416,0,388,59653,89449,21529,21529
TR,2021,March,86,33490,68,33029,19198,639614,1,389,530717,620166,55651,77180
TR,2021,April,1676,35166,526,33555,65665,705279,4,393,278766,898932,261626,338806
TR,2021,May,15964,51130,10448,44003,242521,947800,117,510,204120,1103052,168865,507671
TR,2021,June,14637,65767,17447,61450,332693,1280493,164,674,852879,1955931,86749,594420
TR,2021,July,12591,78358,12609,74059,278508,1559001,78,752,419397,2375328,190871,785291
TR,2021,August,4501,82859,7010,81069,198889,1757890,45,797,85301,2460629,100360,885651
TR,2021,September,1265,84124,1922,82991,145080,1902970,13,810,34606,2495235,502086,1387737
TR,2021,October,344,84468,475,83466,80157,1983127,3,813,13242,2508477,233592,1621329
UP,2020,March,104,104,17,17,0,0,0,0,0,0,0,0
UP,2020,April,2107,2211,534,551,78013,78013,40,40,0,0,0,0
UP,2020,May,5864,8075,4292,4843,211879,289892,177,217,0,0,0,0
UP,2020,June,15417,23492,11241,16084,437901,727793,480,697,0,0,0,0
UP,2020,July,61969,85461,32779,48863,1597635,2325428,933,1630,0,0,0,0
UP,2020,August,144953,230414,123277,172140,3301469,5626897,1856,3486,0,0,0,0
UP,2020,September,168668,399082,170275,342415,4471999,10098896,2298,5784,0,0,0,0
UP,2020,October,82781,481863,108655,451070,4764492,14863388,1241,7025,0,0,0,0
UP,2020,November,62025,543888,60958,512028,4459270,19322658,736,7761,0,0,0,0
UP,2020,December,41078,584966,50431,562459,4620511,23943169,591,8352,0,0,0,0
UP,2021,January,15333,600299,23657,586116,3945451,27888620,306,8658,463793,463793,0,0
UP,2021,February,3228,603527,6583,592699,3398606,31287226,66,8725,707132,1170925,310058,310058
UP,2021,March,13667,617194,5836,598535,3510987,34798213,87,8811,3313054,4483979,604647,914705
UP,2021,April,635130,1252324,330436,928971,5999829,40798042,3759,12570,5757558,10241537,1402792,2317497
UP,2021,May,439164,1691488,704976,1633947,8611359,49409401,7927,20497,4610353,14851890,1162929,3480426
UP,2021,June,14619,1706107,46773,1680720,8434626,57844027,2094,22591,11940940,26792830,1008193,4488619
UP,2021,July,2334,1708441,4253,1684973,7658604,65502631,165,22756,13838366,40631196,3303606,7792225
UP,2021,August,894,1709335,1283,1686256,6816348,72318979,67,22823,20808395,61439591,3910445,11702670
UP,2021,September,465,1709800,493,1686749,6239243,78558222,69,22892,24698514,86138105,9003883,20706553
UP,2021,October,358,1710158,402,1687151,5077000,83635222,8,22900,12040760,98178865,11975342,32681895
UT,2020,March,7,7,2,2,0,0,0,0,0,0,0,0
UT,2020,April,50,57,34,36,6565,6565,0,0,0,0,0,0
UT,2020,May,850,907,66,102,23873,30438,5,5,0,0,0,0
UT,2020,June,1974,2881,2129,2231,38586,69024,36,41,0,0,0,0
UT,2020,July,4302,7183,1937,4168,99089,168113,39,80,0,0,0,0
UT,2020,August,12644,19827,9440,13608,225902,394015,189,269,0,0,0,0
UT,2020,September,29173,49000,25427,39035,318109,712124,342,611,0,0,0,0
UT,2020,October,13328,62328,17888,56923,310656,1034819,412,1023,0,0,0,0
UT,2020,November,12467,74795,10904,67827,317499,1340279,208,1231,0,0,0,0
UT,2020,December,16125,90920,15679,83506,437092,1777371,278,1509,0,0,0,0
UT,2021,January,5209,96129,8460,91966,357181,2134552,135,1644,31228,31228,0,0
UT,2021,February,863,97031,1487,93453,272151,2406703,48,1692,111112,142340,19446,19446
UT,2021,March,3419,100411,1877,95330,333206,2739909,25,1717,434894,577234,102219,121665
UT,2021,April,80110,180521,29235,124565,1042723,3782632,907,2624,1085027,1662261,292217,413882
UT,2021,May,148973,329494,164363,288928,1012253,4794885,3828,6452,572365,2234626,270040,683922
UT,2021,June,10761,340255,36081,325009,739073,5533958,864,7316,1345214,3579840,138052,821974
UT,2021,July,1884,342139,3099,328108,764296,6298254,46,7362,917584,4497424,614724,1436698
UT,2021,August,837,342976,1075,329183,578085,6876339,25,7387,1987307,6484731,594436,2031134
UT,2021,September,561,343537,693,329876,519623,7395962,7,7394,875833,7360564,1108206,3139340
UT,2021,October,359,343896,319,330195,385186,7781148,6,7400,117453,7478017,759002,3898342
WB,2020,March,37,37,3,3,0,0,3,3,0,0,0,0
WB,2020,April,721,758,121,124,16525,16525,30,33,0,0,0,0
WB,2020,May,4743,5501,2033,2157,187226,203751,284,317,0,0,0,0
WB,2020,June,13058,18559,9973,12130,284287,488038,351,668,0,0,0,0
WB,2020,July,51629,70188,36244,48374,405362,893400,913,1581,0,0,0,0
WB,2020,August,92590,162778,85896,134270,994235,1887635,1647,3228,0,0,0,0
WB,2020,September,94271,257049,91489,225759,1339827,3227462,1730,4958,0,0,0,0
WB,2020,October,116615,373664,104178,329937,1328963,4556425,1883,6841,0,0,0,0
WB,2020,November,109820,483484,120825,450762,1316508,5872933,1583,8424,0,0,0,0
WB,2020,December,68579,552063,79604,530366,1237497,7110430,1288,9712,0,0,0,0
WB,2021,January,17935,569998,23906,554272,885424,7995854,461,10173,243143,243143,0,0
WB,2021,February,5120,575118,7271,561543,567424,8563278,95,10268,718273,961416,144765,144765
WB,2021,March,11797,586915,9268,570811,609321,9172599,61,10329,3599719,4561135,524266,669031
WB,2021,April,241451,828366,132587,703398,1259954,10432553,1015,11344,4101369,8662504,1640943,2309974
WB,2021,May,548011,1376377,570390,1273788,1998424,12430977,4197,15541,2172453,10834957,1569600,3879574
WB,2021,June,123406,1499783,187702,1461490,1787215,14218192,2167,17708,5998458,16833415,1177345,5056919
WB,2021,July,28236,1528019,37280,1498770,1512282,15730474,428,18136,4138979,20972394,3628154,8685073
WB,2021,August,20585,1548604,22572,1521342,1270574,17001048,311,18447,8571339,29543733,2870662,11555735
WB,2021,September,20466,1569070,21365,1542707,1144613,18145661,346,18793,11538836,41082569,5126997,16682732
WB,2021,October,23838,1592908,22764,1565471,1082642,19228303,348,19141,15109597,56192166,4877015,21559747
